-- phpMyAdmin SQL Dump
-- version 2.11.9.5
-- http://www.phpmyadmin.net
--
-- Darbinė stotis: localhost
-- Atlikimo laikas:  2009 m. Lapkričio 15 d.  16:16
-- Serverio versija: 5.0.81
-- PHP versija: 5.2.9

SET SQL_MODE="NO_AUTO_VALUE_ON_ZERO";


-- --------------------------------------------------------

--
-- Sukurta duomenų struktūra lentelei `adminmenus`
--

CREATE TABLE IF NOT EXISTS `adminmenus` (
  `id` int(11) NOT NULL auto_increment,
  `title` varchar(64) character set latin1 default NULL,
  `link` varchar(255) character set latin1 default NULL,
  PRIMARY KEY  (`id`)
) ENGINE=InnoDB  DEFAULT CHARSET=utf8 AUTO_INCREMENT=19 ;

--
-- Sukurta duomenų kopija lentelei `adminmenus`
--

INSERT INTO `adminmenus` (`id`, `title`, `link`) VALUES
(2, 'groups', '/admin/groups/index'),
(3, 'users', '/admin/users/index'),
(4, 'permissions', '/admin/permissions/index'),
(5, 'adminmenus', '/admin/adminmenus/index'),
(6, 'events', '/admin/events/index'),
(7, 'teams', '/admin/teams/index'),
(8, 'menu', '/admin/menus/index'),
(9, 'matches', '/admin/matches/index '),
(10, 'results', '/admin/results/index '),
(11, 'news', '/admin/infos/index'),
(12, 'languages', '/admin/langs/index'),
(13, 'games', '/admin/games/index'),
(14, 'news categories', '/admin/infocats/index'),
(15, 'forum categories', '/admin/threadcats/index'),
(16, 'maps', '/admin/maps/index'),
(17, 'feeds', '/admin/feeds/index'),
(18, 'servers', '/admin/servers/index');

-- --------------------------------------------------------

--
-- Sukurta duomenų struktūra lentelei `awardbetts`
--

CREATE TABLE IF NOT EXISTS `awardbetts` (
  `id` int(11) NOT NULL auto_increment,
  `team_id` int(11) unsigned NOT NULL,
  `sum` int(11) default NULL,
  `odds` float(9,3) NOT NULL,
  `user_id` int(11) unsigned NOT NULL,
  `created` datetime default NULL,
  `won` int(11) default NULL,
  `claimed` tinyint(4) NOT NULL,
  `event_id` int(11) default NULL,
  `nomination_id` int(11) default NULL,
  PRIMARY KEY  (`id`),
  KEY `FK_awardbetts` (`user_id`)
) ENGINE=InnoDB  DEFAULT CHARSET=utf8 AUTO_INCREMENT=320 ;

--
-- Sukurta duomenų kopija lentelei `awardbetts`
--

INSERT INTO `awardbetts` (`id`, `team_id`, `sum`, `odds`, `user_id`, `created`, `won`, `claimed`, `event_id`, `nomination_id`) VALUES
(1, 561, 200, 0.000, 1682, '2009-04-19 19:09:47', NULL, 0, 43, 7),
(2, 558, 100, 0.000, 1771, '2009-04-19 19:31:26', NULL, 0, 43, 7),
(3, 564, 100, 0.257, 1771, '2009-04-19 19:31:45', 126, 1, 44, 5),
(4, 564, 100, 0.257, 1682, '2009-04-19 19:32:54', 126, 1, 44, 5),
(5, 564, 1000, 0.257, 2438, '2009-04-19 20:55:16', 1257, 1, 44, 5),
(6, 564, 1000, 0.257, 2433, '2009-04-19 21:05:56', 1257, 1, 44, 5),
(7, 567, 1000, 0.000, 2099, '2009-04-19 22:00:28', NULL, 0, 44, 6),
(8, 412, 10, 0.000, 1682, '2009-04-19 22:18:28', NULL, 0, 49, 3),
(9, 567, 200, 0.000, 1, '2009-04-19 22:45:18', NULL, 0, 44, 5),
(10, 567, 200, 0.000, 1771, '2009-04-19 22:48:12', NULL, 0, 44, 6),
(11, 564, 300, 0.257, 2153, '2009-04-19 22:49:32', 377, 1, 44, 5),
(12, 564, 300, 0.257, 2448, '2009-04-20 12:45:22', 377, 1, 44, 5),
(13, 564, 1000, 0.257, 1845, '2009-04-20 14:20:03', 1257, 1, 44, 5),
(14, 564, 50, 0.257, 2450, '2009-04-20 14:36:15', 63, 1, 44, 5),
(15, 548, 50, 0.000, 2453, '2009-04-20 15:45:34', NULL, 0, 50, 6),
(16, 598, 50, 0.000, 2453, '2009-04-20 15:46:10', NULL, 0, 46, 5),
(17, 564, 800, 0.257, 2453, '2009-04-20 15:47:03', 1006, 1, 44, 5),
(18, 548, 100, 0.000, 2455, '2009-04-20 15:51:58', NULL, 0, 50, 6),
(19, 564, 1000, 0.257, 2326, '2009-04-20 16:03:30', 1257, 1, 44, 5),
(20, 602, 1, 0.000, 2459, '2009-04-20 16:31:20', NULL, 0, 50, 6),
(21, 598, 25, 0.000, 2461, '2009-04-20 16:43:09', NULL, 0, 46, 5),
(22, 564, 1, 0.257, 2463, '2009-04-20 16:48:28', 1, 1, 44, 5),
(23, 567, 500, 0.000, 2461, '2009-04-20 16:48:43', NULL, 0, 44, 5),
(24, 588, 1, 0.000, 2463, '2009-04-20 16:49:05', NULL, 0, 46, 5),
(25, 564, 600, 0.257, 2462, '2009-04-20 16:57:11', 754, 1, 44, 5),
(26, 564, 1000, 0.257, 2466, '2009-04-20 16:58:57', 1257, 1, 44, 5),
(28, 588, 0, 0.000, 2462, '2009-04-20 17:07:36', NULL, 0, 46, 5),
(29, 548, 5, 0.000, 2472, '2009-04-20 17:35:46', NULL, 0, 50, 5),
(30, 564, 1000, 0.257, 2032, '2009-04-20 17:37:43', 1257, 1, 44, 5),
(33, 548, 1000, 0.000, 2473, '2009-04-20 17:42:53', NULL, 0, 50, 6),
(34, 564, 500, 0.257, 2474, '2009-04-20 17:43:05', 628, 1, 44, 5),
(35, 588, 200, 0.000, 2474, '2009-04-20 17:44:02', NULL, 0, 46, 5),
(36, 548, 400, 0.000, 2360, '2009-04-20 17:48:29', NULL, 0, 50, 6),
(37, 548, 300, 0.000, 2360, '2009-04-20 17:48:45', NULL, 0, 50, 5),
(38, 602, 150, 0.000, 2360, '2009-04-20 17:48:55', NULL, 0, 50, 5),
(39, 549, 150, 0.000, 2360, '2009-04-20 17:49:05', NULL, 0, 50, 6),
(40, 548, 5, 0.000, 2337, '2009-04-20 17:52:22', NULL, 0, 50, 5),
(41, 548, 50, 0.000, 2475, '2009-04-20 18:03:30', NULL, 0, 50, 6),
(42, 548, 300, 0.000, 2115, '2009-04-20 18:08:15', NULL, 0, 50, 6),
(43, 602, 300, 0.000, 2115, '2009-04-20 18:08:55', NULL, 0, 50, 5),
(44, 578, 100, 0.000, 2115, '2009-04-20 18:10:58', 100, 1, 48, 5),
(45, 549, 150, 0.000, 2115, '2009-04-20 18:12:44', NULL, 0, 50, 5),
(46, 548, 500, 0.000, 2477, '2009-04-20 18:14:04', NULL, 0, 50, 5),
(47, 549, 500, 0.000, 2477, '2009-04-20 18:14:20', NULL, 0, 50, 5),
(48, 602, 100, 0.000, 2315, '2009-04-20 18:26:12', NULL, 0, 50, 6),
(49, 549, 150, 0.000, 2315, '2009-04-20 18:26:28', NULL, 0, 50, 6),
(50, 606, 400, 0.000, 2106, '2009-04-20 18:51:22', NULL, 0, 52, 5),
(51, 606, 400, 0.000, 2106, '2009-04-20 18:52:21', NULL, 0, 52, 6),
(52, 564, 200, 0.257, 2106, '2009-04-20 18:52:54', 251, 1, 44, 5),
(53, 588, 0, 0.000, 2106, '2009-04-20 18:53:21', NULL, 0, 46, 5),
(54, 564, 200, 0.257, 2481, '2009-04-20 18:53:38', 251, 1, 44, 5),
(55, 607, 200, 0.000, 2482, '2009-04-20 18:54:57', NULL, 0, 52, 5),
(56, 607, 400, 0.000, 1926, '2009-04-20 18:56:24', NULL, 0, 52, 5),
(57, 568, 200, 0.000, 1926, '2009-04-20 18:56:50', NULL, 0, 52, 6),
(58, 606, 200, 0.000, 1926, '2009-04-20 18:57:02', NULL, 0, 52, 6),
(59, 607, 200, 0.000, 1926, '2009-04-20 18:57:37', NULL, 0, 52, 5),
(60, 568, 0, 0.000, 2106, '2009-04-20 18:58:38', NULL, 0, 52, 5),
(61, 548, 180, 0.000, 2485, '2009-04-20 20:21:50', NULL, 0, 50, 5),
(62, 592, 100, 0.000, 2485, '2009-04-20 20:22:48', NULL, 0, 46, 5),
(63, 564, 620, 0.257, 2485, '2009-04-20 20:23:42', 779, 1, 44, 5),
(64, 606, 500, 0.000, 2457, '2009-04-20 20:36:12', NULL, 0, 52, 5),
(65, 607, 200, 0.000, 2432, '2009-04-20 21:21:33', NULL, 0, 52, 5),
(66, 604, 100, 0.000, 2432, '2009-04-20 21:21:53', NULL, 0, 52, 6),
(67, 567, 300, 0.000, 1913, '2009-04-20 21:33:04', NULL, 0, 44, 5),
(69, 568, 1000, 0.000, 2315, '2009-04-20 22:05:27', NULL, 0, 52, 5),
(70, 568, 1000, 0.000, 2491, '2009-04-20 22:06:59', NULL, 0, 52, 5),
(71, 568, 0, 0.000, 1845, '2009-04-20 22:36:30', NULL, 0, 52, 5),
(72, 568, 100, 0.000, 2488, '2009-04-20 22:59:20', NULL, 0, 52, 5),
(73, 605, 100, 0.000, 2488, '2009-04-20 22:59:35', NULL, 0, 52, 6),
(74, 548, 100, 0.000, 2488, '2009-04-20 23:00:14', NULL, 0, 50, 5),
(75, 597, 100, 0.000, 2488, '2009-04-20 23:01:07', NULL, 0, 46, 5),
(76, 564, 90, 0.257, 2488, '2009-04-20 23:02:05', 113, 1, 44, 5),
(77, 616, 1000, 0.000, 2497, '2009-04-20 23:55:30', NULL, 0, 54, 1),
(78, 619, 350, 0.000, 2148, '2009-04-20 23:58:00', NULL, 0, 54, 1),
(79, 605, 300, 0.000, 2356, '2009-04-21 00:44:26', NULL, 0, 52, 5),
(80, 568, 200, 0.000, 2356, '2009-04-21 00:45:27', 200, 1, 45, 5),
(81, 564, 500, 0.257, 2356, '2009-04-21 00:45:46', 628, 1, 44, 5),
(82, 568, 50, 0.000, 2481, '2009-04-21 10:09:26', NULL, 0, 52, 6),
(83, 607, 100, 0.000, 2476, '2009-04-21 14:39:28', NULL, 0, 52, 5),
(84, 568, 150, 0.000, 2050, '2009-04-21 15:36:20', NULL, 0, 52, 6),
(85, 564, 600, 0.257, 2050, '2009-04-21 15:37:14', 754, 1, 44, 5),
(86, 598, 50, 0.000, 2513, '2009-04-21 16:35:46', NULL, 0, 46, 5),
(87, 578, 200, 0.000, 2513, '2009-04-21 16:36:56', 200, 1, 48, 5),
(88, 548, 100, 0.000, 2513, '2009-04-21 16:38:03', NULL, 0, 50, 5),
(89, 607, 200, 0.000, 2513, '2009-04-21 16:38:55', NULL, 0, 52, 5),
(90, 568, 200, 0.000, 1948, '2009-04-21 17:52:25', NULL, 0, 52, 5),
(91, 564, 200, 0.257, 1948, '2009-04-21 17:53:11', 251, 1, 44, 5),
(92, 568, 200, 0.000, 2448, '2009-04-21 17:53:12', NULL, 0, 52, 5),
(93, 568, 500, 0.000, 2065, '2009-04-21 18:35:30', NULL, 0, 52, 5),
(94, 548, 100, 0.000, 2065, '2009-04-21 18:41:57', NULL, 0, 50, 5),
(95, 564, 100, 0.257, 2522, '2009-04-21 21:01:26', 126, 1, 44, 5),
(96, 564, 200, 0.257, 2481, '2009-04-21 22:01:55', 251, 1, 44, 5),
(97, 607, 400, 0.000, 2028, '2009-04-21 23:33:32', NULL, 0, 52, 5),
(98, 549, 50, 0.000, 2028, '2009-04-21 23:34:30', NULL, 0, 50, 5),
(99, 592, 25, 0.000, 2028, '2009-04-21 23:35:05', NULL, 0, 46, 5),
(100, 578, 100, 0.000, 2028, '2009-04-21 23:35:48', 100, 1, 48, 5),
(101, 567, 1000, 0.000, 2041, '2009-04-22 11:38:56', NULL, 0, 44, 5),
(102, 568, 500, 0.000, 2528, '2009-04-22 15:35:59', NULL, 0, 52, 6),
(103, 607, 300, 0.000, 2528, '2009-04-22 15:36:31', NULL, 0, 52, 5),
(104, 564, 200, 0.257, 2528, '2009-04-22 15:37:23', 251, 1, 44, 5),
(105, 566, 500, 2.000, 2524, '2009-04-23 17:47:36', 1500, 1, 44, 6),
(106, 640, 1000, 0.000, 2542, '2009-04-23 18:11:42', 0, 1, 64, 5),
(107, 635, 1000, 0.000, 2465, '2009-04-23 18:12:08', 2000, 1, 64, 5),
(108, 607, 200, 0.000, 2524, '2009-04-23 20:57:00', NULL, 0, 52, 5),
(109, 567, 1000, 0.000, 2548, '2009-04-24 14:15:47', NULL, 0, 44, 5),
(110, 568, 200, 0.010, 2534, '2009-04-24 21:13:43', 202, 1, 67, 5),
(111, 588, 500, 0.000, 2454, '2009-04-24 22:42:07', NULL, 0, 46, 5),
(112, 568, 1000, 0.010, 2544, '2009-04-25 09:10:43', 1010, 1, 67, 5),
(113, 568, 200, 0.010, 2554, '2009-04-25 11:48:31', 202, 1, 67, 5),
(114, 568, 100, 0.000, 2554, '2009-04-25 11:49:01', 100, 1, 45, 5),
(115, 568, 200, 0.000, 2554, '2009-04-25 11:54:04', NULL, 0, 52, 5),
(116, 568, 500, 0.010, 2153, '2009-04-25 12:18:45', 505, 1, 67, 5),
(117, 233, 100, 0.000, 1682, '2009-04-25 12:44:58', NULL, 0, 67, 6),
(118, 568, 100, 0.010, 1682, '2009-04-25 12:45:13', 101, 1, 67, 5),
(119, 449, 100, 1.000, 1771, '2009-04-25 12:52:12', 200, 1, 67, 6),
(120, 449, 10, 0.000, 1771, '2009-04-25 14:32:33', NULL, 0, 67, 5),
(121, 233, 10, 0.000, 1771, '2009-04-25 14:32:39', NULL, 0, 67, 5),
(122, 588, 50, 0.000, 2326, '2009-04-25 20:52:51', NULL, 0, 46, 5),
(123, 568, 200, 0.000, 2504, '2009-04-26 08:40:47', NULL, 0, 52, 5),
(124, 566, 15, 2.000, 2065, '2009-04-27 20:55:06', 45, 1, 44, 6),
(125, 566, 85, 2.000, 2065, '2009-04-27 20:55:26', 255, 1, 44, 6),
(126, 607, 200, 0.000, 2477, '2009-04-28 11:46:07', NULL, 0, 52, 5),
(127, 568, 250, 0.000, 2485, '2009-04-28 21:47:30', NULL, 0, 52, 5),
(128, 568, 500, 0.000, 2433, '2009-04-29 07:56:03', NULL, 0, 52, 5),
(129, 568, 500, 0.000, 2050, '2009-04-30 08:20:48', NULL, 0, 52, 5),
(130, 568, 800, 0.000, 2421, '2009-04-30 17:51:17', NULL, 0, 52, 5),
(131, 675, 19, 0.000, 1771, '2009-05-02 21:36:54', NULL, 0, 69, 1),
(132, 677, 200, 0.000, 2453, '2009-05-02 21:46:47', NULL, 0, 69, 1),
(133, 680, 1200, 0.000, 2010, '2009-05-02 21:49:19', NULL, 0, 69, 1),
(134, 680, 72, 0.000, 2457, '2009-05-02 22:21:23', NULL, 0, 69, 1),
(135, 675, 400, 0.000, 2457, '2009-05-02 22:21:33', NULL, 0, 69, 1),
(136, 680, 200, 0.000, 2563, '2009-05-02 22:30:23', NULL, 0, 69, 1),
(137, 675, 300, 0.000, 2564, '2009-05-02 22:36:09', NULL, 0, 69, 1),
(138, 677, 200, 0.000, 2564, '2009-05-02 22:36:21', NULL, 0, 69, 2),
(139, 675, 500, 0.000, 2474, '2009-05-02 22:52:26', NULL, 0, 69, 1),
(140, 680, 400, 0.000, 2474, '2009-05-02 22:52:49', NULL, 0, 69, 2),
(141, 675, 1000, 0.000, 2449, '2009-05-02 22:59:36', NULL, 0, 69, 1),
(142, 675, 200, 0.000, 2565, '2009-05-02 23:07:58', NULL, 0, 69, 1),
(143, 680, 200, 0.000, 2565, '2009-05-02 23:08:17', NULL, 0, 69, 2),
(144, 675, 500, 0.000, 2524, '2009-05-02 23:48:06', NULL, 0, 69, 1),
(145, 680, 300, 0.000, 2436, '2009-05-02 23:48:21', NULL, 0, 69, 1),
(146, 675, 500, 6.226, 2524, '2009-05-02 23:48:29', 3613, 1, 69, 2),
(147, 675, 300, 6.226, 2436, '2009-05-02 23:48:35', 2168, 1, 69, 2),
(148, 675, 214, 0.000, 2436, '2009-05-02 23:48:51', NULL, 0, 69, 1),
(149, 675, 250, 0.000, 2485, '2009-05-03 00:03:39', NULL, 0, 69, 1),
(150, 680, 300, 0.000, 2310, '2009-05-03 00:15:01', NULL, 0, 69, 1),
(151, 677, 300, 0.000, 2310, '2009-05-03 00:15:14', NULL, 0, 69, 2),
(152, 678, 600, 0.000, 2310, '2009-05-03 00:15:48', NULL, 0, 69, 2),
(153, 675, 1000, 0.000, 2488, '2009-05-03 00:34:08', NULL, 0, 69, 1),
(154, 675, 150, 0.000, 2567, '2009-05-03 01:04:54', NULL, 0, 69, 1),
(155, 677, 100, 0.000, 2567, '2009-05-03 01:05:08', NULL, 0, 69, 2),
(156, 677, 150, 0.000, 2567, '2009-05-03 01:05:24', NULL, 0, 69, 9),
(157, 683, 1000, 4.735, 2569, '2009-05-03 04:00:00', 5735, 1, 69, 1),
(158, 683, 1000, 0.000, 2570, '2009-05-03 04:01:34', NULL, 0, 69, 2),
(159, 683, 200, 4.735, 2315, '2009-05-03 11:30:56', 1147, 1, 69, 1),
(160, 677, 1000, 0.000, 2571, '2009-05-03 12:10:09', NULL, 0, 69, 2),
(161, 677, 502, 0.000, 2534, '2009-05-03 15:32:48', NULL, 0, 69, 2),
(162, 677, 400, 0.000, 2084, '2009-05-03 16:12:10', NULL, 0, 69, 1),
(163, 677, 500, 0.000, 2084, '2009-05-03 16:12:30', NULL, 0, 69, 2),
(164, 677, 300, 0.000, 2084, '2009-05-03 16:12:46', NULL, 0, 69, 9),
(165, 690, 50, 0.000, 1771, '2009-05-03 20:17:18', NULL, 0, 70, 1),
(166, 683, 669, 4.735, 2573, '2009-05-03 21:23:41', 3837, 1, 69, 1),
(167, 683, 133, 0.000, 2573, '2009-05-03 21:25:00', NULL, 0, 69, 2),
(168, 690, 500, 0.000, 2574, '2009-05-03 21:51:08', NULL, 0, 70, 1),
(169, 690, 100, 0.000, 2565, '2009-05-04 01:59:43', NULL, 0, 70, 1),
(170, 698, 10, 0.000, 1771, '2009-05-04 20:54:11', NULL, 0, 71, 1),
(171, 493, 10, 0.000, 1771, '2009-05-04 20:54:22', NULL, 0, 71, 2),
(172, 568, NULL, 0.000, 2315, '2009-05-05 02:00:37', NULL, 0, 52, 6),
(173, 568, 200, 0.000, 2315, '2009-05-05 02:01:16', NULL, 0, 52, 6),
(174, 675, 200, 0.000, 2477, '2009-05-05 12:09:30', NULL, 0, 70, 1),
(175, 568, 800, 0.000, 2418, '2009-05-05 12:54:28', NULL, 0, 52, 5),
(176, 690, 600, 0.000, 2418, '2009-05-05 12:56:16', NULL, 0, 70, 1),
(177, 702, 200, 0.000, 2436, '2009-05-05 20:44:43', NULL, 0, 71, 1),
(178, 700, 1000, 0.000, 2577, '2009-05-05 21:49:47', NULL, 0, 71, 2),
(179, 675, 500, 0.000, 2544, '2009-05-06 14:17:12', NULL, 0, 69, 1),
(180, 698, 500, 0.000, 2544, '2009-05-06 14:18:09', NULL, 0, 71, 1),
(181, 703, 400, 0.000, 2544, '2009-05-06 14:20:51', NULL, 0, 71, 2),
(182, 677, 199, 0.000, 2485, '2009-05-06 15:03:32', NULL, 0, 69, 1),
(183, 702, 180, 0.000, 2485, '2009-05-06 15:04:00', NULL, 0, 71, 1),
(184, 698, 200, 0.000, 2485, '2009-05-06 15:04:41', NULL, 0, 71, 1),
(185, 675, 200, 0.000, 2106, '2009-05-06 15:11:36', NULL, 0, 69, 1),
(186, 680, 100, 0.000, 2106, '2009-05-06 15:12:00', NULL, 0, 69, 1),
(187, 677, 100, 0.000, 2106, '2009-05-06 15:12:39', NULL, 0, 69, 1),
(188, 698, 925, 0.000, 2028, '2009-05-06 17:02:43', NULL, 0, 71, 1),
(189, 698, 700, 0.000, 2026, '2009-05-06 18:43:40', NULL, 0, 71, 1),
(190, 682, 1, 0.000, 1771, '2009-05-06 22:16:41', NULL, 0, 69, 1),
(191, 683, 1, 4.735, 1771, '2009-05-06 22:16:48', 6, 1, 69, 1),
(192, 677, 1, 0.000, 1771, '2009-05-06 22:17:02', NULL, 0, 69, 2),
(193, 675, 1, 6.226, 1771, '2009-05-06 22:17:11', 7, 1, 69, 2),
(194, 679, 1, 0.000, 1771, '2009-05-06 22:17:24', NULL, 0, 69, 2),
(195, 698, 100, 0.000, 2457, '2009-05-06 22:29:22', NULL, 0, 71, 1),
(196, 690, 200, 0.000, 2457, '2009-05-06 22:30:14', NULL, 0, 70, 1),
(197, 685, 300, 0.000, 2524, '2009-05-07 08:23:53', NULL, 0, 70, 2),
(198, 698, 100, 0.000, 2565, '2009-05-07 15:23:27', NULL, 0, 71, 1),
(199, 698, 400, 0.000, 2421, '2009-05-07 15:26:34', NULL, 0, 71, 1),
(200, 698, 100, 0.000, 2421, '2009-05-07 15:27:04', NULL, 0, 71, 2),
(201, 698, 100, 0.000, 2106, '2009-05-07 17:10:33', NULL, 0, 71, 1),
(202, 568, 651, 0.000, 2528, '2009-05-07 23:14:58', NULL, 0, 52, 5),
(203, 680, 400, 0.000, 2476, '2009-05-08 22:24:37', NULL, 0, 69, 1),
(204, 683, 50, 0.000, 2454, '2009-05-09 19:06:58', NULL, 0, 69, 2),
(205, 677, 50, 0.000, 2454, '2009-05-09 19:07:16', NULL, 0, 69, 1),
(206, 702, 10, 0.000, 1771, '2009-05-10 13:07:17', NULL, 0, 71, 1),
(207, 702, 50, 0.000, 1771, '2009-05-10 13:07:24', NULL, 0, 71, 2),
(208, 675, 5, 0.000, 1771, '2009-05-12 22:29:14', NULL, 0, 70, 2),
(209, 723, 20, 0.000, 1771, '2009-05-13 19:10:30', NULL, 0, 74, 3),
(210, 702, 20, 0.000, 2488, '2009-05-14 02:17:24', NULL, 0, 71, 1),
(211, 675, 1671, 0.000, 1845, '2009-05-14 13:53:04', NULL, 0, 75, 1),
(212, 711, 400, 0.000, 2005, '2009-05-14 14:03:58', NULL, 0, 74, 3),
(213, 733, 10, 0.000, 1771, '2009-05-14 15:11:48', NULL, 0, 75, 1),
(214, 685, 300, 0.000, 2065, '2009-05-14 15:12:26', NULL, 0, 75, 2),
(215, 719, 400, 0.000, 1776, '2009-05-14 16:34:22', NULL, 0, 74, 3),
(216, 685, 500, 0.000, 2480, '2009-05-14 18:19:16', NULL, 0, 70, 1),
(217, 711, 500, 0.000, 2498, '2009-05-15 20:04:54', NULL, 0, 74, 3),
(218, 744, 200, 0.000, 2009, '2009-05-16 22:36:32', NULL, 0, 75, 9),
(219, 727, 500, 6.056, 2459, '2009-05-17 13:24:41', 3528, 1, 75, 1),
(220, 685, 1000, 0.000, 2580, '2009-05-17 13:40:51', NULL, 0, 75, 1),
(221, 685, 500, 0.000, 2432, '2009-05-17 13:50:08', NULL, 0, 75, 1),
(222, 675, 100, 0.000, 1782, '2009-05-17 14:02:28', NULL, 0, 69, 1),
(223, 730, 150, 0.000, 2565, '2009-05-17 21:06:50', NULL, 0, 75, 1),
(224, 727, 50, 6.056, 2565, '2009-05-17 21:07:53', 353, 1, 75, 1),
(225, 719, 200, 0.000, 2163, '2009-05-18 09:38:45', NULL, 0, 74, 3),
(226, 710, 1, 0.000, 2459, '2009-05-18 10:04:21', NULL, 0, 74, 3),
(227, 698, 600, 0.000, 2482, '2009-05-18 20:51:31', NULL, 0, 71, 1),
(228, 698, 400, 0.000, 2482, '2009-05-18 20:51:45', NULL, 0, 71, 2),
(229, 702, 200, 0.000, 2482, '2009-05-18 20:52:04', NULL, 0, 71, 1),
(230, 719, 100, 0.000, 1721, '2009-05-20 18:57:05', NULL, 0, 74, 3),
(231, 719, 100, 0.000, 1776, '2009-05-26 17:50:32', NULL, 0, 74, 3),
(232, 711, 200, 0.000, 1776, '2009-05-26 17:50:53', NULL, 0, 74, 4),
(233, 711, 400, 0.000, 1776, '2009-05-26 17:51:04', NULL, 0, 74, 4),
(234, 702, 200, 0.000, 1926, '2009-05-27 03:10:55', NULL, 0, 71, 1),
(235, 719, 200, 0.000, 2586, '2009-05-27 23:14:29', NULL, 0, 74, 3),
(236, 702, 500, 0.000, 2586, '2009-05-27 23:22:14', NULL, 0, 71, 1),
(237, 702, 100, 0.000, 2586, '2009-05-27 23:23:03', NULL, 0, 71, 2),
(238, 675, 150, 0.000, 2586, '2009-05-27 23:26:02', NULL, 0, 70, 1),
(239, 675, 50, 0.000, 2586, '2009-05-27 23:26:13', NULL, 0, 70, 2),
(240, 719, 150, 0.000, 2578, '2009-05-27 23:41:51', NULL, 0, 74, 3),
(241, 702, 150, 0.000, 2578, '2009-05-27 23:42:13', NULL, 0, 71, 1),
(242, 675, 200, 0.000, 2578, '2009-05-27 23:42:41', NULL, 0, 70, 1),
(243, 675, 150, 0.000, 2565, '2009-05-28 07:31:56', NULL, 0, 70, 1),
(244, 685, 150, 0.000, 2565, '2009-05-28 07:32:03', NULL, 0, 70, 2),
(245, 719, 200, 0.000, 2326, '2009-05-28 11:34:12', NULL, 0, 74, 3),
(246, 698, 200, 0.000, 2326, '2009-05-28 11:37:21', NULL, 0, 71, 1),
(247, 588, 100, 0.000, 2587, '2009-05-28 13:54:28', NULL, 0, 46, 5),
(248, 685, 200, 0.000, 2578, '2009-05-28 13:55:29', NULL, 0, 70, 2),
(249, 719, 100, 0.000, 2587, '2009-05-28 13:56:02', NULL, 0, 74, 3),
(250, 675, 200, 0.000, 2587, '2009-05-28 13:59:19', NULL, 0, 70, 1),
(251, 702, 200, 0.000, 2587, '2009-05-28 14:00:47', NULL, 0, 71, 1),
(252, 568, 400, 0.000, 2587, '2009-05-28 14:01:53', NULL, 0, 52, 5),
(253, 675, 1000, 0.000, 2589, '2009-05-29 12:24:05', NULL, 0, 70, 1),
(254, 675, 500, 0.000, 2565, '2009-05-29 15:28:58', NULL, 0, 70, 1),
(255, 675, 1000, 0.000, 2591, '2009-05-30 04:13:13', NULL, 0, 70, 1),
(256, 675, 300, 0.000, 1926, '2009-05-30 06:30:08', NULL, 0, 70, 1),
(257, 675, 200, 0.000, 1926, '2009-05-30 06:32:00', NULL, 0, 70, 1),
(258, 759, 200, 0.000, 2315, '2009-05-30 16:35:49', NULL, 0, 77, 5),
(259, 675, 300, 0.000, 2315, '2009-05-30 16:39:45', NULL, 0, 70, 1),
(260, 613, 200, 1.333, 2315, '2009-05-31 11:20:21', 467, 1, 77, 5),
(261, 759, 100, 0.000, 2315, '2009-05-31 11:20:37', NULL, 0, 77, 5),
(262, 613, 100, 1.333, 2315, '2009-05-31 11:20:54', 233, 1, 77, 5),
(263, 613, 50, 0.000, 2315, '2009-05-31 11:21:10', NULL, 0, 77, 6),
(264, 759, 50, 0.000, 2315, '2009-05-31 11:21:29', NULL, 0, 77, 6),
(265, 759, 100, 0.000, 2153, '2009-05-31 11:45:45', NULL, 0, 77, 5),
(266, 719, 1000, 0.000, 2115, '2009-05-31 19:28:39', NULL, 0, 74, 3),
(267, 700, 300, 0.000, 2578, '2009-06-02 11:34:02', NULL, 0, 71, 1),
(268, 702, 1000, 0.000, 2459, '2009-06-02 16:15:58', NULL, 0, 71, 1),
(269, 702, 500, 0.000, 1926, '2009-06-02 19:24:01', NULL, 0, 71, 1),
(270, 690, 400, 0.000, 2593, '2009-06-04 13:10:51', NULL, 0, 70, 1),
(271, 675, 200, 0.000, 2593, '2009-06-04 13:11:15', NULL, 0, 70, 2),
(272, 675, 400, 0.000, 2593, '2009-06-04 13:11:47', NULL, 0, 70, 9),
(273, 770, NULL, 0.000, 2315, '2009-06-04 19:01:59', NULL, 0, 78, 1),
(274, 770, NULL, 0.000, 2315, '2009-06-04 20:29:31', NULL, 0, 78, 1),
(275, 781, 700, 0.000, 2315, '2009-06-04 22:26:31', 700, 1, 78, 1),
(276, 730, 400, 0.000, 2026, '2009-06-08 18:25:07', NULL, 0, 79, 1),
(277, 730, 100, 0.000, 2026, '2009-06-08 18:25:37', NULL, 0, 79, 9),
(278, 789, 1000, 0.050, 1845, '2009-06-08 19:10:36', 1050, 1, 79, 1),
(279, 789, 800, 0.050, 2599, '2009-06-08 20:24:01', 840, 1, 79, 1),
(280, 730, 200, 0.000, 2599, '2009-06-08 20:24:08', NULL, 0, 79, 2),
(281, 789, 1000, 0.050, 1841, '2009-06-09 12:56:29', 1050, 1, 79, 1),
(282, 789, 1000, 0.050, 2065, '2009-06-09 13:30:00', 1050, 1, 79, 1),
(283, 723, 500, 0.000, 2601, '2009-06-10 12:15:39', NULL, 0, 74, 3),
(284, 719, 200, 0.000, 2601, '2009-06-10 12:16:52', NULL, 0, 74, 4),
(285, 789, 1257, 0.050, 2488, '2009-06-11 23:10:15', 1320, 1, 79, 1),
(286, 789, 1000, 0.050, 1771, '2009-06-14 17:32:56', 1050, 1, 79, 1),
(287, 789, 1000, 0.050, 2457, '2009-06-16 21:19:59', 1050, 1, 79, 1),
(288, 789, 1000, 0.050, 2603, '2009-06-17 09:19:26', 1050, 1, 79, 1),
(289, 685, 500, 1.499, 2065, '2009-06-22 12:03:50', 1249, 1, 80, 1),
(290, 790, 999, 0.000, 2034, '2009-06-22 15:55:19', NULL, 0, 80, 1),
(291, 803, 999, 0.000, 2552, '2009-06-23 02:26:13', NULL, 0, 80, 2),
(292, 790, 700, 0.000, 2315, '2009-06-23 09:48:46', NULL, 0, 80, 1),
(293, 790, 500, 0.000, 1771, '2009-06-26 16:18:04', NULL, 0, 80, 1),
(294, 808, 200, 0.000, 2191, '2009-06-28 13:50:51', NULL, 0, 81, 1),
(295, 811, 100, 0.000, 2191, '2009-06-28 13:51:43', NULL, 0, 81, 2),
(296, 806, 200, 0.000, 1771, '2009-06-28 13:58:00', NULL, 0, 81, 2),
(297, 805, 200, 0.000, 2137, '2009-06-28 14:01:46', NULL, 0, 81, 1),
(298, 812, 1, 0.000, 1771, '2009-06-28 14:04:11', NULL, 0, 81, 1),
(299, 811, 100, 0.000, 1771, '2009-06-28 14:04:21', NULL, 0, 81, 1),
(300, 805, 100, 0.000, 2137, '2009-06-28 14:08:22', NULL, 0, 81, 2),
(301, 806, 100, 1.670, 1771, '2009-06-28 14:20:40', 267, 1, 81, 1),
(302, 806, 200, 1.670, 1952, '2009-06-28 14:32:20', 534, 1, 81, 1),
(303, 790, 500, 0.000, 2418, '2009-07-02 11:14:12', NULL, 0, 80, 1),
(304, 685, 1000, 1.499, 2611, '2009-07-12 02:08:40', 2499, 1, 80, 1),
(305, 685, 300, 1.499, 2612, '2009-07-12 16:09:28', 750, 1, 80, 1),
(306, 790, 300, 0.000, 2612, '2009-07-12 16:09:39', NULL, 0, 80, 2),
(307, 685, 400, 0.000, 2612, '2009-07-12 16:09:54', 400, 1, 80, 9),
(308, 824, 10, 3.510, 2032, '2009-08-14 03:26:44', 45, 1, 82, 1),
(309, 824, 500, 3.510, 2032, '2009-08-14 03:26:59', 2255, 1, 82, 1),
(310, 829, 300, 0.000, 2032, '2009-08-14 03:27:38', NULL, 0, 82, 2),
(311, 829, 190, 0.000, 2032, '2009-08-14 03:28:06', NULL, 0, 82, 2),
(312, 829, 1257, 0.000, 2457, '2009-08-14 11:16:50', NULL, 0, 82, 1),
(313, 824, 50, 0.000, 1771, '2009-08-14 11:22:51', NULL, 0, 82, 2),
(314, 829, 266, 0.000, 1771, '2009-08-14 11:23:04', NULL, 0, 82, 1),
(315, 829, 267, 0.000, 2624, '2009-08-15 01:08:03', NULL, 0, 82, 1),
(316, 824, 70, 0.000, 2624, '2009-08-15 01:08:38', NULL, 0, 82, 2),
(317, 685, 500, 0.000, 1961, '2009-08-28 13:06:20', NULL, 0, 83, 1),
(318, 685, 600, 0.000, 1814, '2009-09-17 01:39:11', NULL, 0, 83, 1),
(319, 685, 200, 0.000, 2565, '2009-09-17 17:15:38', NULL, 0, 83, 1);

-- --------------------------------------------------------

--
-- Sukurta duomenų struktūra lentelei `awards`
--

CREATE TABLE IF NOT EXISTS `awards` (
  `id` int(11) NOT NULL auto_increment,
  `nomination_id` int(11) default NULL,
  `team_id` int(11) default NULL,
  `event_id` int(11) default NULL,
  PRIMARY KEY  (`id`)
) ENGINE=InnoDB  DEFAULT CHARSET=utf8 AUTO_INCREMENT=38 ;

--
-- Sukurta duomenų kopija lentelei `awards`
--

INSERT INTO `awards` (`id`, `nomination_id`, `team_id`, `event_id`) VALUES
(2, 1, 617, 54),
(6, 5, 635, 64),
(7, 6, 640, 64),
(11, 5, 568, 67),
(12, 6, 449, 67),
(13, 5, 568, 45),
(14, 2, 621, 54),
(15, 5, 564, 44),
(16, 6, 566, 44),
(17, 5, 578, 48),
(18, 1, 727, 75),
(19, 2, 730, 75),
(20, 1, 683, 69),
(21, 2, 675, 69),
(22, 5, 613, 77),
(23, 6, 755, 77),
(24, 1, 781, 78),
(25, 2, 770, 78),
(26, 9, 785, 78),
(27, 1, 789, 79),
(28, 2, 734, 79),
(29, 9, 734, 79),
(30, 1, 806, 81),
(31, 2, 808, 81),
(32, 1, 685, 80),
(33, 2, 794, 80),
(34, 9, 685, 80),
(35, 1, 824, 82),
(36, 2, 815, 82),
(37, 1, 543, 84);

-- --------------------------------------------------------

--
-- Sukurta duomenų struktūra lentelei `awardtypes`
--

CREATE TABLE IF NOT EXISTS `awardtypes` (
  `id` int(11) NOT NULL auto_increment,
  `name` varchar(64) character set utf8 collate utf8_unicode_ci default NULL,
  `icon_url` varchar(64) character set utf8 collate utf8_unicode_ci default NULL,
  `award_points` int(11) NOT NULL,
  PRIMARY KEY  (`id`)
) ENGINE=InnoDB  DEFAULT CHARSET=utf8 AUTO_INCREMENT=6 ;

--
-- Sukurta duomenų kopija lentelei `awardtypes`
--

INSERT INTO `awardtypes` (`id`, `name`, `icon_url`, `award_points`) VALUES
(1, 'First place', NULL, 0),
(2, 'Second place', NULL, 0),
(3, 'Third place', NULL, 0),
(4, 'Best scorer', NULL, 0),
(5, 'Best scorer(team)', NULL, 0);

-- --------------------------------------------------------

--
-- Sukurta duomenų struktūra lentelei `betts`
--

CREATE TABLE IF NOT EXISTS `betts` (
  `id` int(11) NOT NULL auto_increment,
  `match_id` int(11) unsigned NOT NULL,
  `team_id` int(11) unsigned NOT NULL,
  `sum` int(11) default NULL,
  `odds` float(9,3) NOT NULL,
  `user_id` int(11) unsigned NOT NULL,
  `created` datetime default NULL,
  `won` int(11) default NULL,
  `claimed` tinyint(4) NOT NULL,
  PRIMARY KEY  (`id`),
  KEY `FK_betts` (`match_id`),
  KEY `FK_betts2` (`user_id`),
  KEY `FK_betts3` (`team_id`)
) ENGINE=InnoDB  DEFAULT CHARSET=utf8 AUTO_INCREMENT=348 ;

--
-- Sukurta duomenų kopija lentelei `betts`
--

INSERT INTO `betts` (`id`, `match_id`, `team_id`, `sum`, `odds`, `user_id`, `created`, `won`, `claimed`) VALUES
(1, 292, 564, 100, 0.035, 1771, '2009-04-19 19:56:54', 104, 1),
(2, 294, 568, 10, 2.368, 1, '2009-04-19 20:13:37', 34, 1),
(4, 294, 569, 10, 0.000, 1771, '2009-04-19 20:21:38', NULL, 0),
(5, 292, 564, 10, 0.035, 1, '2009-04-19 20:28:43', 10, 1),
(6, 294, 569, 50, 0.000, 2034, '2009-04-19 20:30:05', NULL, 0),
(7, 292, 565, 25, 0.000, 2034, '2009-04-19 20:30:21', NULL, 0),
(8, 293, 567, 25, 2.015, 2034, '2009-04-19 20:30:30', 75, 1),
(9, 294, 569, 500, 0.000, 2436, '2009-04-19 20:32:14', NULL, 0),
(10, 292, 564, 250, 0.035, 2436, '2009-04-19 20:32:35', 259, 1),
(11, 293, 567, 50, 2.015, 2436, '2009-04-19 20:32:53', 151, 1),
(13, 292, 564, 100, 0.035, 2436, '2009-04-19 20:33:39', 104, 1),
(14, 292, 564, 0, 0.000, 2436, '2009-04-19 20:33:51', 0, 1),
(15, 292, 564, 10, 0.035, 1771, '2009-04-19 20:38:03', 10, 1),
(16, 297, 574, 50, 0.000, 1682, '2009-04-19 20:47:00', NULL, 0),
(17, 297, 558, 50, 0.000, 1771, '2009-04-19 20:47:29', NULL, 0),
(18, 293, 566, 50, 0.000, 1771, '2009-04-19 20:51:23', NULL, 0),
(19, 294, 569, 20, 0.000, 2437, '2009-04-19 20:51:43', NULL, 0),
(20, 300, 583, 10, 1.066, 2437, '2009-04-19 20:52:07', 21, 1),
(21, 297, 548, 20, 0.000, 2437, '2009-04-19 20:52:22', NULL, 0),
(22, 296, 577, 10, 0.357, 2437, '2009-04-19 20:52:44', 14, 1),
(23, 299, 581, 20, 0.000, 2437, '2009-04-19 20:53:01', 20, 1),
(24, 300, 582, 200, 0.000, 2439, '2009-04-19 21:09:17', NULL, 0),
(25, 294, 569, 500, 0.000, 2439, '2009-04-19 21:09:59', NULL, 0),
(26, 294, 568, 200, 2.368, 2440, '2009-04-19 21:12:45', 674, 1),
(27, 294, 568, 800, 2.368, 2440, '2009-04-19 21:13:12', 2694, 1),
(28, 294, 568, 100, 2.368, 1771, '2009-04-19 21:47:11', 337, 1),
(29, 294, 568, 20, 2.368, 1771, '2009-04-19 21:47:22', 67, 1),
(30, 312, 548, 20, 0.000, 1771, '2009-04-19 23:51:05', NULL, 0),
(31, 297, 574, 40, 0.000, 1682, '2009-04-20 00:39:25', NULL, 0),
(32, 312, 548, 100, 0.000, 1682, '2009-04-20 00:40:25', NULL, 0),
(33, 300, 583, 500, 1.066, 2213, '2009-04-20 02:54:24', 1033, 1),
(34, 294, 569, 100, 0.000, 2446, '2009-04-20 10:38:46', NULL, 0),
(35, 298, 578, 500, 0.000, 2446, '2009-04-20 10:39:36', NULL, 0),
(36, 297, 575, 1000, 0.663, 2449, '2009-04-20 13:08:34', 1663, 1),
(37, 294, 568, 100, 2.368, 2448, '2009-04-20 13:30:17', 337, 1),
(38, 292, 564, 250, 0.035, 2451, '2009-04-20 15:17:16', 259, 1),
(39, 294, 569, 100, 0.000, 2451, '2009-04-20 15:28:23', NULL, 0),
(40, 298, 578, 200, 0.000, 2451, '2009-04-20 15:28:41', NULL, 0),
(41, 297, 574, 100, 0.000, 2451, '2009-04-20 15:29:03', NULL, 0),
(42, 294, 569, 200, 0.000, 2451, '2009-04-20 15:30:11', NULL, 0),
(43, 294, 569, 1000, 0.000, 2452, '2009-04-20 15:31:24', NULL, 0),
(44, 310, 588, 100, 0.000, 2453, '2009-04-20 15:46:28', NULL, 0),
(45, 298, 578, 500, 0.000, 2009, '2009-04-20 15:50:05', NULL, 0),
(46, 297, 574, 100, 0.000, 2009, '2009-04-20 15:50:28', NULL, 0),
(47, 294, 568, 100, 2.368, 2009, '2009-04-20 15:51:23', 337, 1),
(48, 296, 577, 300, 0.357, 2009, '2009-04-20 15:52:00', 407, 1),
(49, 310, 588, 100, 0.000, 2454, '2009-04-20 15:52:00', NULL, 0),
(50, 294, 568, 100, 2.368, 2457, '2009-04-20 15:57:23', 337, 1),
(51, 294, 569, 1000, 0.000, 2456, '2009-04-20 15:57:47', NULL, 0),
(52, 294, 569, 1, 0.000, 1771, '2009-04-20 16:06:33', NULL, 0),
(53, 310, 599, 1, 8.689, 1771, '2009-04-20 16:16:26', 10, 1),
(54, 297, 575, 38, 0.663, 1771, '2009-04-20 16:17:48', 63, 1),
(55, 294, 568, 1, 2.368, 2459, '2009-04-20 16:27:29', 3, 1),
(56, 294, 569, 100, 0.000, 2458, '2009-04-20 16:27:40', NULL, 0),
(57, 310, 588, 100, 0.000, 2458, '2009-04-20 16:28:00', NULL, 0),
(58, 310, 599, 1, 8.689, 2459, '2009-04-20 16:28:10', 10, 1),
(60, 312, 549, 1, 1.006, 2459, '2009-04-20 16:29:54', 2, 1),
(61, 312, 549, 50, 1.006, 1771, '2009-04-20 16:31:04', 100, 1),
(62, 300, 582, 200, 0.000, 2459, '2009-04-20 16:32:08', NULL, 0),
(63, 294, 568, 10, 2.368, 2463, '2009-04-20 16:44:01', 34, 1),
(65, 297, 574, 100, 0.000, 2463, '2009-04-20 16:44:39', NULL, 0),
(66, 310, 599, 1, 8.689, 2463, '2009-04-20 16:44:55', 10, 1),
(67, 312, 549, 1, 1.006, 2463, '2009-04-20 16:45:15', 2, 1),
(68, 294, 568, 100, 2.368, 2464, '2009-04-20 16:46:23', 337, 1),
(69, 294, 568, 50, 2.368, 2460, '2009-04-20 16:48:15', 168, 1),
(70, 294, 568, 300, 2.368, 2465, '2009-04-20 16:57:47', 1010, 1),
(71, 294, 568, 500, 2.368, 2460, '2009-04-20 16:59:06', 1684, 1),
(72, 297, 574, 100, 0.000, 2467, '2009-04-20 17:07:34', NULL, 0),
(73, 312, 549, 100, 1.006, 2467, '2009-04-20 17:08:12', 201, 1),
(74, 310, 599, 100, 8.689, 2467, '2009-04-20 17:08:38', 969, 1),
(75, 294, 569, 100, 0.000, 2467, '2009-04-20 17:09:05', NULL, 0),
(76, 294, 569, 1000, 0.000, 2005, '2009-04-20 17:15:52', NULL, 0),
(77, 310, 588, 500, 0.000, 2469, '2009-04-20 17:17:32', NULL, 0),
(78, 294, 568, 500, 2.368, 2469, '2009-04-20 17:17:43', 1684, 1),
(80, 294, 569, 200, 0.000, 2377, '2009-04-20 17:26:12', NULL, 0),
(81, 310, 588, 50, 0.000, 2377, '2009-04-20 17:26:57', NULL, 0),
(83, 312, 549, 100, 1.006, 2377, '2009-04-20 17:28:52', 201, 1),
(84, 297, 574, 300, 0.000, 2377, '2009-04-20 17:29:31', NULL, 0),
(85, 294, 569, 500, 0.000, 2132, '2009-04-20 17:32:01', NULL, 0),
(86, 294, 569, 600, 0.000, 2148, '2009-04-20 17:33:08', NULL, 0),
(87, 294, 569, 500, 0.000, 2132, '2009-04-20 17:33:54', NULL, 0),
(88, 294, 569, 600, 0.000, 2472, '2009-04-20 17:38:12', NULL, 0),
(89, 312, 549, 200, 0.000, 2470, '2009-04-20 17:38:18', 200, 1),
(90, 310, 588, 2, 0.000, 2472, '2009-04-20 17:38:23', NULL, 0),
(92, 315, 604, 100, 0.000, 1771, '2009-04-20 17:51:30', NULL, 0),
(93, 315, 604, 100, 0.000, 2448, '2009-04-20 17:57:56', NULL, 0),
(94, 294, 569, 50, 0.000, 1771, '2009-04-20 17:58:09', NULL, 0),
(95, 294, 568, 100, 2.368, 2476, '2009-04-20 18:11:05', 337, 1),
(96, 310, 588, 200, 0.000, 2479, '2009-04-20 18:29:43', NULL, 0),
(97, 312, 548, 200, 0.000, 2479, '2009-04-20 18:30:02', NULL, 0),
(98, 315, 568, 300, 2.514, 2462, '2009-04-20 18:33:34', 1054, 1),
(99, 315, 568, 150, 2.514, 2480, '2009-04-20 18:37:03', 527, 1),
(100, 312, 548, 100, 0.000, 2480, '2009-04-20 18:37:54', NULL, 0),
(101, 315, 568, 50, 2.514, 2481, '2009-04-20 18:52:24', 176, 1),
(103, 310, 588, 0, 0.000, 2106, '2009-04-20 18:54:19', NULL, 0),
(104, 294, 568, 20, 2.368, 2481, '2009-04-20 18:54:27', 67, 1),
(105, 315, 568, 300, 2.514, 2465, '2009-04-20 19:50:07', 1054, 1),
(106, 312, 548, 200, 0.000, 2484, '2009-04-20 20:06:37', NULL, 0),
(107, 315, 604, 1000, 0.000, 2486, '2009-04-20 20:20:31', NULL, 0),
(108, 315, 568, 100, 2.514, 2485, '2009-04-20 20:20:45', 351, 1),
(109, 317, 606, 300, 0.944, 2457, '2009-04-20 20:36:38', 583, 1),
(110, 293, 566, 50, 0.000, 2457, '2009-04-20 20:36:59', NULL, 0),
(111, 315, 604, 114, 0.000, 1771, '2009-04-20 20:37:03', NULL, 0),
(112, 315, 568, 100, 2.514, 2462, '2009-04-20 20:42:36', 351, 1),
(113, 315, 604, 400, 0.000, 1771, '2009-04-20 20:53:28', NULL, 0),
(114, 315, 568, NULL, 0.000, 2460, '2009-04-20 20:58:23', NULL, 1),
(115, 315, 604, 800, 0.000, 2460, '2009-04-20 20:58:44', NULL, 0),
(116, 312, 548, 380, 0.000, 2457, '2009-04-20 21:05:27', NULL, 0),
(117, 310, 588, 50, 0.000, 2467, '2009-04-20 21:12:38', NULL, 0),
(118, 293, 566, 50, 0.000, 2476, '2009-04-20 21:13:03', NULL, 0),
(119, 310, 599, 100, 8.689, 2476, '2009-04-20 21:13:30', 969, 1),
(120, 316, 605, 50, 0.000, 2476, '2009-04-20 21:13:42', NULL, 0),
(121, 312, 549, 50, 1.006, 2476, '2009-04-20 21:14:19', 100, 1),
(122, 293, 567, 1, 2.015, 2463, '2009-04-20 21:27:28', 3, 1),
(123, 316, 568, 1, 0.352, 2463, '2009-04-20 21:27:41', 1, 1),
(124, 316, 605, 7, 0.000, 2457, '2009-04-20 21:30:26', NULL, 0),
(125, 293, 567, 100, 2.015, 1913, '2009-04-20 21:30:43', 302, 1),
(126, 316, 605, 10, 0.000, 1913, '2009-04-20 21:31:06', NULL, 0),
(127, 297, 574, 40, 0.000, 1913, '2009-04-20 21:33:45', NULL, 0),
(128, 293, 567, 100, 2.015, 2488, '2009-04-20 21:43:47', 302, 1),
(129, 316, 568, 10, 0.352, 2488, '2009-04-20 21:44:25', 14, 1),
(130, 310, 599, 100, 8.689, 2488, '2009-04-20 21:44:53', 969, 1),
(131, 312, 549, 200, 1.006, 2488, '2009-04-20 21:45:12', 401, 1),
(132, 316, 605, 100, 0.000, 2492, '2009-04-20 22:19:08', NULL, 0),
(133, 316, 568, 100, 0.352, 2488, '2009-04-20 22:46:03', 135, 1),
(134, 312, 549, 4, 1.006, 1771, '2009-04-20 22:52:08', 8, 1),
(135, 312, 549, 1000, 1.006, 1788, '2009-04-20 22:53:57', 2006, 1),
(136, 316, 568, 500, 0.352, 1736, '2009-04-20 23:00:41', 676, 1),
(137, 317, 568, 500, 0.000, 1736, '2009-04-20 23:06:54', NULL, 0),
(138, 319, 615, 50, 0.000, 2148, '2009-04-20 23:55:32', 50, 1),
(139, 322, 619, 500, 0.000, 2498, '2009-04-20 23:57:53', 500, 1),
(140, 316, 568, 100, 0.352, 2462, '2009-04-21 04:22:47', 135, 1),
(141, 293, 566, 69, 0.000, 1960, '2009-04-21 07:59:02', NULL, 0),
(142, 310, 588, 69, 0.000, 1960, '2009-04-21 07:59:25', NULL, 0),
(143, 316, 568, 111, 0.352, 1960, '2009-04-21 07:59:42', 150, 1),
(144, 316, 605, 111, 0.000, 1960, '2009-04-21 07:59:56', NULL, 0),
(145, 293, 566, 50, 0.000, 2458, '2009-04-21 08:52:35', NULL, 0),
(146, 316, 605, 100, 0.000, 2458, '2009-04-21 08:53:05', NULL, 0),
(147, 316, 605, 100, 0.000, 2458, '2009-04-21 08:53:06', NULL, 0),
(148, 310, 588, 100, 0.000, 2458, '2009-04-21 08:53:24', NULL, 0),
(149, 310, 588, 100, 0.000, 2458, '2009-04-21 08:53:24', NULL, 0),
(151, 312, 548, 50, 0.000, 2458, '2009-04-21 08:54:13', NULL, 0),
(152, 296, 577, 200, 0.357, 2458, '2009-04-21 08:54:28', 271, 1),
(153, 293, 567, 100, 2.015, 2437, '2009-04-21 09:58:48', 302, 1),
(154, 316, 568, 50, 0.352, 2437, '2009-04-21 09:59:16', 68, 1),
(156, 312, 549, 50, 1.006, 2437, '2009-04-21 10:00:03', 100, 1),
(157, 296, 577, 50, 0.357, 2437, '2009-04-21 10:00:17', 68, 1),
(158, 316, 568, 73, 0.352, 2481, '2009-04-21 10:01:06', 99, 1),
(159, 316, 568, 100, 0.352, 2451, '2009-04-21 11:24:16', 135, 1),
(160, 316, 605, 10, 0.000, 2505, '2009-04-21 12:15:26', NULL, 0),
(161, 316, 568, 337, 0.352, 2009, '2009-04-21 12:17:37', 456, 1),
(162, 293, 567, 100, 2.015, 2506, '2009-04-21 12:23:21', 302, 1),
(163, 316, 568, 300, 0.352, 2506, '2009-04-21 12:23:48', 406, 1),
(164, 310, 588, 100, 0.000, 2506, '2009-04-21 12:24:04', NULL, 0),
(166, 312, 549, 100, 1.006, 2506, '2009-04-21 12:24:34', 201, 1),
(167, 296, 576, 200, 0.000, 2506, '2009-04-21 12:24:50', NULL, 0),
(168, 316, 568, 1684, 0.352, 2469, '2009-04-21 12:59:37', 2277, 1),
(169, 316, 568, 10, 0.352, 2459, '2009-04-21 13:01:43', 14, 1),
(170, 316, 605, 10, 0.000, 2459, '2009-04-21 13:01:51', NULL, 0),
(171, 310, 588, NULL, 0.000, 2454, '2009-04-21 13:26:39', NULL, 0),
(172, 310, 588, 200, 0.000, 2454, '2009-04-21 13:26:48', NULL, 0),
(173, 293, 567, 50, 2.015, 2148, '2009-04-21 13:38:00', 151, 1),
(174, 318, 568, 100, 0.170, 2464, '2009-04-21 14:11:56', 117, 1),
(175, 293, 566, 100, 0.000, 2476, '2009-04-21 14:37:44', NULL, 0),
(176, 316, 605, 100, 0.000, 2476, '2009-04-21 14:38:06', NULL, 0),
(178, 312, 548, 70, 0.000, 2476, '2009-04-21 14:38:45', NULL, 0),
(179, 293, 566, 100, 0.000, 2510, '2009-04-21 15:51:42', NULL, 0),
(180, 293, 567, 500, 2.015, 2511, '2009-04-21 16:21:41', 1508, 1),
(181, 316, 568, 500, 0.352, 2511, '2009-04-21 16:22:13', 676, 1),
(182, 316, 605, 1000, 0.000, 2512, '2009-04-21 16:31:31', NULL, 0),
(183, 293, 566, 1000, 0.000, 1816, '2009-04-21 16:55:25', NULL, 0),
(184, 316, 605, 300, 0.000, 2480, '2009-04-21 17:18:06', NULL, 0),
(185, 317, 568, 300, 0.000, 2480, '2009-04-21 17:18:19', NULL, 0),
(186, 318, 607, 100, 0.000, 2480, '2009-04-21 17:18:34', NULL, 0),
(187, 293, 566, 100, 0.000, 2448, '2009-04-21 17:51:41', NULL, 0),
(188, 316, 568, 500, 0.352, 2465, '2009-04-21 18:25:17', 676, 1),
(189, 316, 568, 1900, 0.352, 2465, '2009-04-21 18:25:35', 2569, 1),
(190, 297, 574, 100, 0.000, 2065, '2009-04-21 18:40:37', NULL, 0),
(191, 293, 566, 300, 0.000, 2065, '2009-04-21 18:42:22', NULL, 0),
(192, 316, 605, 540, 0.000, 2467, '2009-04-21 19:26:30', NULL, 0),
(193, 293, 566, 100, 0.000, 2520, '2009-04-21 19:29:59', NULL, 0),
(194, 316, 568, 600, 0.352, 2520, '2009-04-21 19:30:18', 811, 1),
(195, 310, 588, 300, 0.000, 2520, '2009-04-21 19:30:54', NULL, 0),
(196, 316, 568, 50, 0.352, 2521, '2009-04-21 19:54:57', 68, 1),
(197, 317, 568, 50, 0.000, 2521, '2009-04-21 19:55:21', NULL, 0),
(198, 318, 607, 100, 0.000, 2521, '2009-04-21 19:55:33', NULL, 0),
(199, 312, 549, 50, 1.006, 2521, '2009-04-21 19:56:11', 100, 1),
(200, 310, 588, 50, 0.000, 2521, '2009-04-21 19:57:56', NULL, 0),
(201, 293, 566, 300, 0.000, 2522, '2009-04-21 19:59:10', NULL, 0),
(202, 293, 567, 100, 2.015, 2522, '2009-04-21 20:00:45', 302, 1),
(203, 300, 582, 200, 0.000, 2521, '2009-04-21 20:16:29', NULL, 0),
(204, 310, 588, 100, 0.000, 2448, '2009-04-21 20:31:16', NULL, 0),
(205, 310, 599, 20, 8.689, 1913, '2009-04-21 20:49:42', 194, 1),
(207, 297, 574, 40, 0.000, 2522, '2009-04-21 21:26:28', NULL, 0),
(208, 312, 548, 40, 0.000, 2522, '2009-04-21 21:26:40', NULL, 0),
(210, 300, 583, 100, 1.066, 2527, '2009-04-22 07:23:29', 207, 1),
(211, 297, 575, 500, 0.663, 2527, '2009-04-22 07:23:57', 831, 1),
(212, 312, 548, 400, 0.000, 2527, '2009-04-22 07:25:03', NULL, 0),
(213, 312, 548, 56, 0.000, 2009, '2009-04-22 12:55:04', NULL, 0),
(214, 298, 552, 15, 80.000, 2437, '2009-04-22 13:18:32', 1215, 1),
(215, 300, 582, 50, 0.000, 2437, '2009-04-22 13:19:00', NULL, 0),
(216, 297, 574, 50, 0.000, 2437, '2009-04-22 13:19:26', NULL, 0),
(217, 312, 548, 100, 0.000, 2437, '2009-04-22 13:19:55', NULL, 0),
(221, 317, 568, 70, 0.000, 2485, '2009-04-22 17:47:50', NULL, 0),
(222, 318, 568, 150, 0.170, 2485, '2009-04-22 17:48:12', 176, 1),
(223, 310, 588, 50, 0.000, 2485, '2009-04-22 17:48:39', NULL, 0),
(225, 318, 568, 60, 0.170, 2481, '2009-04-23 00:27:14', 70, 1),
(226, 310, 588, 100, 0.000, 2481, '2009-04-23 00:28:10', NULL, 0),
(227, 318, 568, 100, 0.170, 2488, '2009-04-23 09:51:39', 117, 1),
(228, 317, 568, 100, 0.000, 2488, '2009-04-23 09:51:56', NULL, 0),
(229, 310, 599, 100, 8.689, 2488, '2009-04-23 09:53:15', 969, 1),
(230, 310, 599, 20, 8.689, 2532, '2009-04-23 13:05:25', 194, 1),
(231, 310, 599, 20, 8.689, 2532, '2009-04-23 13:05:26', 194, 1),
(233, 310, 588, 171, 0.000, 1771, '2009-04-23 14:14:11', NULL, 0),
(234, 317, 606, 275, 0.944, 2034, '2009-04-23 15:55:40', 535, 1),
(235, 340, 639, 10, 0.000, 2540, '2009-04-23 17:24:25', NULL, 0),
(236, 340, 639, 50, 0.000, 2540, '2009-04-23 17:24:36', NULL, 0),
(237, 340, 635, 240, 0.081, 2540, '2009-04-23 17:24:46', 259, 1),
(238, 340, 635, 200, 0.081, 2540, '2009-04-23 17:25:52', 216, 1),
(239, 317, 568, 100, 0.000, 2524, '2009-04-23 17:41:58', NULL, 0),
(240, 318, 568, 100, 0.170, 2524, '2009-04-23 17:42:13', 117, 1),
(241, 340, 635, 100, 0.081, 2524, '2009-04-23 17:42:55', 108, 1),
(242, 340, 635, 100, 0.081, 2524, '2009-04-23 17:48:04', 108, 1),
(243, 340, 639, NULL, 0.000, 2524, '2009-04-23 17:48:13', NULL, 0),
(244, 340, 635, 100, 0.081, 2524, '2009-04-23 17:48:22', 108, 1),
(245, 317, 606, 500, 0.944, 2213, '2009-04-23 21:28:04', 972, 1),
(246, 318, 568, 50, 0.170, 1913, '2009-04-23 23:21:42', 59, 1),
(247, 317, 606, 180, 0.944, 1913, '2009-04-23 23:22:00', 350, 1),
(248, 310, 588, 200, 0.000, 1913, '2009-04-23 23:22:19', NULL, 0),
(249, 310, 588, 1000, 0.000, 2529, '2009-04-24 00:10:11', NULL, 0),
(250, 318, 568, 100, 0.170, 2546, '2009-04-24 11:34:41', 117, 1),
(251, 310, 588, 89, 0.000, 2481, '2009-04-24 12:36:24', NULL, 0),
(252, 310, 588, 100, 0.000, 2479, '2009-04-24 14:06:17', NULL, 0),
(253, 317, 568, 100, 0.000, 2479, '2009-04-24 14:07:28', NULL, 0),
(254, 317, 568, 807, 0.000, 2009, '2009-04-24 14:29:48', NULL, 0),
(255, 310, 588, 100, 0.000, 2437, '2009-04-24 16:58:38', NULL, 0),
(256, 317, 568, 50, 0.000, 2437, '2009-04-24 16:58:50', NULL, 0),
(257, 318, 568, 150, 0.170, 2437, '2009-04-24 16:59:02', 176, 1),
(258, 310, 588, 3309, 0.000, 2465, '2009-04-24 17:02:20', NULL, 0),
(259, 310, 588, 400, 0.000, 2019, '2009-04-24 20:54:50', NULL, 0),
(260, 317, 606, 100, 0.944, 2019, '2009-04-24 20:55:25', 194, 1),
(261, 318, 568, 100, 0.170, 2019, '2009-04-24 20:55:33', 117, 1),
(262, 310, 588, 200, 0.000, 2503, '2009-04-24 22:55:56', NULL, 0),
(263, 317, 606, 150, 0.944, 2503, '2009-04-24 22:56:25', 292, 1),
(264, 310, 599, 200, 8.689, 2467, '2009-04-25 11:30:11', 1938, 1),
(265, 310, 599, 100, 8.689, 2554, '2009-04-25 11:43:32', 969, 1),
(266, 317, 568, 100, 0.000, 2554, '2009-04-25 11:44:04', NULL, 0),
(267, 318, 568, 100, 0.170, 2554, '2009-04-25 11:44:18', 117, 1),
(268, 317, 568, 200, 0.000, 2534, '2009-04-25 13:21:25', NULL, 0),
(269, 310, 588, 200, 0.000, 2534, '2009-04-25 13:22:28', NULL, 0),
(270, 310, 588, 100, 0.000, 2524, '2009-04-25 21:17:43', NULL, 0),
(271, 318, 568, 200, 0.170, 2512, '2009-04-26 03:07:19', 234, 1),
(272, 317, 606, 200, 0.944, 2529, '2009-04-26 03:07:47', 389, 1),
(273, 310, 599, 206, 8.689, 1788, '2009-04-26 11:40:03', 1996, 1),
(274, 310, 588, 200, 0.000, 1845, '2009-04-26 14:37:01', NULL, 0),
(275, 310, 588, 80, 0.000, 1771, '2009-04-26 14:46:41', NULL, 0),
(276, 317, 568, 200, 0.000, 2009, '2009-04-26 19:46:47', NULL, 0),
(277, 318, 568, 300, 0.170, 2506, '2009-04-26 21:12:50', 351, 1),
(278, 317, 568, 500, 0.000, 2506, '2009-04-26 21:13:01', NULL, 0),
(279, 318, 607, 100, 0.000, 2459, '2009-04-27 09:24:35', NULL, 0),
(280, 317, 568, 50, 0.000, 2481, '2009-04-27 14:01:39', NULL, 0),
(281, 318, 568, 50, 0.170, 2481, '2009-04-27 14:01:48', 59, 1),
(282, 317, 606, 200, 0.944, 2453, '2009-04-27 17:54:39', 389, 1),
(283, 317, 568, 50, 0.000, 2437, '2009-04-27 19:15:11', NULL, 0),
(284, 317, 568, 200, 0.000, 1771, '2009-04-27 19:49:01', NULL, 0),
(285, 317, 606, 10, 0.944, 1771, '2009-04-27 19:49:06', 19, 1),
(286, 317, 568, 3, 0.000, 1788, '2009-04-27 19:52:56', NULL, 0),
(287, 318, 607, 3, 0.000, 1788, '2009-04-27 19:53:08', NULL, 0),
(288, 317, 606, 50, 0.944, 2065, '2009-04-27 20:53:39', 97, 1),
(289, 318, 568, 50, 0.170, 2065, '2009-04-27 20:53:57', 59, 1),
(290, 318, 568, 1000, 0.170, 2554, '2009-04-28 16:00:47', 1170, 1),
(291, 317, 606, 470, 0.944, 2554, '2009-04-28 16:01:46', 914, 1),
(292, 317, 606, 200, 0.944, 2457, '2009-04-28 20:56:21', 389, 1),
(293, 317, 606, 1000, 0.944, 2453, '2009-04-28 21:36:42', 1944, 1),
(294, 318, 607, 100, 0.000, 2488, '2009-04-28 21:37:30', NULL, 0),
(295, 317, 568, 100, 0.000, 2488, '2009-04-28 21:37:47', NULL, 0),
(296, 317, 568, 102, 0.000, 2481, '2009-04-28 23:06:37', NULL, 0),
(297, 318, 568, 1257, 0.170, 1845, '2009-04-28 23:31:16', 1471, 1),
(298, 317, 568, 100, 0.000, 2106, '2009-04-29 14:11:27', NULL, 0),
(299, 317, 606, 100, 0.944, 2106, '2009-04-29 14:11:37', 194, 1),
(300, 317, 568, 126, 0.000, 1771, '2009-04-29 16:01:03', NULL, 0),
(301, 318, 568, 800, 0.170, 2467, '2009-04-30 20:59:31', 936, 1),
(302, 317, 606, 300, 0.944, 2467, '2009-04-30 20:59:49', 583, 1),
(303, 318, 607, 90, 0.000, 1788, '2009-04-30 22:26:39', NULL, 0),
(304, 318, 568, 915, 0.170, 2554, '2009-04-30 23:52:43', 1071, 1),
(305, 318, 568, 500, 0.170, 2457, '2009-05-02 19:41:45', 585, 1),
(306, 318, 568, 300, 0.170, 2563, '2009-05-02 22:32:32', 351, 1),
(307, 318, 607, 500, 0.000, 2488, '2009-05-03 00:33:04', NULL, 0),
(308, 318, 568, 200, 0.170, 2106, '2009-05-03 01:10:37', 234, 1),
(309, 318, 607, 100, 0.000, 2106, '2009-05-03 01:10:43', NULL, 0),
(310, 318, 568, 100, 0.170, 2522, '2009-05-03 08:11:29', 117, 1),
(311, 318, 568, 100, 0.170, 2476, '2009-05-03 13:37:18', 117, 1),
(312, 318, 568, 100, 0.170, 1913, '2009-05-03 22:10:22', 117, 1),
(313, 318, 607, 50, 0.000, 1913, '2009-05-03 22:10:46', NULL, 0),
(314, 318, 568, 1000, 0.170, 2575, '2009-05-04 12:37:23', 1170, 1),
(315, 318, 607, 200, 0.000, 1834, '2009-05-04 18:52:06', NULL, 0),
(316, 347, 568, 1000, 0.000, 2086, '2009-05-08 02:05:44', NULL, 0),
(317, 345, 568, 400, 0.000, 2086, '2009-05-08 02:06:01', NULL, 0),
(318, 345, 568, 129, 0.000, 2481, '2009-05-08 18:06:02', NULL, 0),
(319, 345, 705, 85, 2.271, 2457, '2009-05-08 20:38:41', 278, 1),
(320, 347, 706, 200, 0.000, 2457, '2009-05-08 20:38:55', NULL, 0),
(321, 346, 568, 200, 0.000, 2457, '2009-05-08 20:39:04', NULL, 0),
(322, 345, 705, 100, 2.271, 1788, '2009-05-09 21:23:21', 327, 1),
(323, 345, 705, 1105, 2.271, 2459, '2009-05-12 16:48:08', 3614, 1),
(324, 393, 726, 100, 0.000, 2299, '2009-05-13 18:09:58', NULL, 0),
(325, 389, 717, 2000, 0.286, 1788, '2009-05-13 22:46:34', 2572, 1),
(326, 392, 719, 1000, 0.000, 1788, '2009-05-13 22:46:59', 1000, 1),
(327, 387, 710, 200, 0.000, 1736, '2009-05-13 23:45:08', 200, 1),
(328, 389, 716, 800, 0.000, 1736, '2009-05-13 23:45:41', NULL, 0),
(329, 345, 568, 1000, 0.000, 2488, '2009-05-14 02:15:21', NULL, 0),
(330, 392, 719, 200, 0.000, 2488, '2009-05-14 02:16:44', 200, 1),
(331, 389, 717, 200, 0.286, 2488, '2009-05-14 02:17:59', 257, 1),
(332, 345, 568, 1400, 0.000, 2071, '2009-05-14 12:47:05', NULL, 0),
(333, 392, 719, 100, 0.000, 2481, '2009-05-14 21:25:59', 100, 1),
(334, 393, 723, 30, 3.333, 1771, '2009-05-16 12:33:50', 130, 1),
(335, 389, 717, 100, 0.286, 2457, '2009-05-16 15:20:09', 129, 1),
(336, 394, 725, 78, 0.000, 2457, '2009-05-16 15:20:47', 78, 1),
(337, 391, 720, 50, 0.000, 2457, '2009-05-16 15:21:15', NULL, 0),
(338, 389, 717, 500, 0.286, 1782, '2009-05-17 13:59:43', 643, 1),
(339, 392, 719, 500, 0.000, 1782, '2009-05-17 14:00:45', 500, 1),
(340, 392, 719, 300, 0.000, 2506, '2009-05-17 16:04:12', 300, 1),
(341, 347, 568, 50, 0.000, 2457, '2009-05-18 14:26:32', NULL, 0),
(342, 347, 568, 260, 0.000, 2506, '2009-05-19 11:36:48', NULL, 0),
(343, 346, 568, 250, 0.000, 2506, '2009-05-19 11:36:59', NULL, 0),
(344, 346, 568, 100, 0.000, 2145, '2009-05-21 12:26:39', NULL, 0),
(345, 346, 568, 100, 0.000, 2481, '2009-05-24 20:19:44', NULL, 0),
(346, 346, 568, 100, 0.000, 2481, '2009-05-24 20:20:22', NULL, 0),
(347, 346, 568, 600, 0.000, 2575, '2009-05-25 20:19:33', NULL, 0);

-- --------------------------------------------------------

--
-- Sukurta duomenų struktūra lentelei `custcomments`
--

CREATE TABLE IF NOT EXISTS `custcomments` (
  `id` int(11) unsigned NOT NULL auto_increment,
  `body` text collate utf8_unicode_ci,
  `created` datetime default NULL,
  `user_id` int(11) unsigned default NULL,
  `seqnumber` int(11) default NULL,
  `parent_id` int(11) default NULL,
  PRIMARY KEY  (`id`),
  KEY `user_id` (`user_id`)
) ENGINE=InnoDB DEFAULT CHARSET=utf8 COLLATE=utf8_unicode_ci AUTO_INCREMENT=1 ;

--
-- Sukurta duomenų kopija lentelei `custcomments`
--


-- --------------------------------------------------------

--
-- Sukurta duomenų struktūra lentelei `events`
--

CREATE TABLE IF NOT EXISTS `events` (
  `id` int(10) unsigned NOT NULL auto_increment,
  `name` varchar(45) collate utf8_unicode_ci default NULL,
  `game_id` int(10) unsigned NOT NULL,
  `eventtype_id` int(10) unsigned NOT NULL,
  `status` enum('signup','postsignup','active','closed','finished') collate utf8_unicode_ci default 'signup',
  `created` datetime default NULL,
  `teamcount` int(11) default NULL,
  `genmatches` tinyint(4) default NULL,
  `regdate` datetime default NULL,
  `startdate` datetime default NULL,
  `matchinterval` int(11) default NULL,
  `desc` text collate utf8_unicode_ci,
  `user_id` int(11) unsigned NOT NULL,
  `teamsize` int(11) default NULL,
  `org_id` int(11) unsigned NOT NULL,
  `enddate` datetime default NULL,
  `qualifycount` int(11) default NULL,
  `grouprounds` int(11) default NULL,
  `betting` tinyint(1) default NULL,
  `gengroups` tinyint(1) default '0',
  PRIMARY KEY  (`id`),
  KEY `fk_Events_Games` (`game_id`),
  KEY `fk_Events_Event_types` (`eventtype_id`),
  KEY `user_id` (`user_id`),
  KEY `org_id` (`org_id`)
) ENGINE=InnoDB  DEFAULT CHARSET=utf8 COLLATE=utf8_unicode_ci PACK_KEYS=0 AUTO_INCREMENT=88 ;

--
-- Sukurta duomenų kopija lentelei `events`
--

INSERT INTO `events` (`id`, `name`, `game_id`, `eventtype_id`, `status`, `created`, `teamcount`, `genmatches`, `regdate`, `startdate`, `matchinterval`, `desc`, `user_id`, `teamsize`, `org_id`, `enddate`, `qualifycount`, `grouprounds`, `betting`, `gengroups`) VALUES
(32, '2on2 Quick Cup', 2, 1, 'finished', '2008-09-21 20:00:56', 4, 1, NULL, '2008-09-21 21:30:00', NULL, NULL, 1771, 2, 1, NULL, NULL, NULL, NULL, 0),
(34, 'SkyGames 1on1 Steamed Challenge', 1, 1, 'finished', '2008-10-14 16:12:52', 32, 1, NULL, '2008-10-16 15:00:00', NULL, NULL, 2006, 1, 1, NULL, NULL, NULL, NULL, 0),
(36, '2on2 Steamed CUP', 2, 1, 'finished', '2008-10-16 16:21:49', 8, 1, NULL, '2008-10-19 17:00:00', NULL, NULL, 1771, 2, 1, NULL, NULL, NULL, NULL, 0),
(38, 'Community 5on5 cup', 2, 1, 'finished', '2008-10-17 20:58:45', 16, 1, NULL, '2008-10-25 16:00:00', NULL, NULL, 1806, 5, 2, NULL, NULL, NULL, NULL, 0),
(39, 'Community League 2008 COD4', 3, 2, 'finished', '2008-11-19 19:56:17', 8, 1, NULL, '2008-11-27 20:00:00', NULL, NULL, 2006, 5, 7, NULL, 4, 1, NULL, 0),
(40, 'Community League 2008 CS', 1, 1, 'finished', '2008-11-19 22:06:39', 16, 1, NULL, '2008-11-27 20:00:00', NULL, NULL, 2006, 5, 7, NULL, NULL, NULL, NULL, 0),
(41, 'Community League 2008 CSS', 2, 1, 'closed', '2008-12-01 17:47:14', 16, 1, NULL, '2008-12-01 17:45:00', NULL, NULL, 1771, 5, 1, NULL, NULL, NULL, NULL, 0),
(43, 'ENC 2009 - Main Round', 2, 4, 'finished', '2009-04-19 18:21:34', 12, 0, NULL, NULL, NULL, NULL, 1771, 5, 3, NULL, 2, NULL, NULL, 0),
(44, '#MOD.LT 1x1 Challenge #1', 1, 3, 'finished', '2009-04-19 18:53:33', 4, 0, NULL, '2009-04-15 18:00:00', NULL, NULL, 1771, 1, 4, NULL, 0, NULL, NULL, 0),
(45, 'EuroCup XIX', 1, 3, 'finished', '2009-03-01 19:51:49', 4, 0, NULL, '2009-03-01 00:00:00', NULL, NULL, 1771, 5, 5, NULL, 0, NULL, 1, 0),
(46, 'ENC 2009', 1, 3, 'active', '2009-04-19 20:23:00', 12, 0, NULL, '2009-04-19 20:18:00', NULL, NULL, 1771, 5, 3, NULL, 0, NULL, NULL, 0),
(47, 'OpenCup Spring 2009', 2, 3, 'active', '2009-04-19 20:30:42', 32, 0, NULL, '2009-04-27 20:30:00', NULL, NULL, 1771, 5, 5, NULL, 0, NULL, NULL, 0),
(48, 'ENC 2009 FIFA 09 Clanwar', 5, 3, 'finished', '2009-04-19 20:36:48', 10, 0, NULL, '2009-04-01 20:00:00', NULL, NULL, 1771, 5, 3, NULL, 0, NULL, NULL, 0),
(50, 'ENC 2009 - Qualification Round', 2, 3, 'active', '2009-04-19 23:37:42', 12, 0, NULL, '2009-03-01 00:00:00', NULL, NULL, 1682, 5, 3, NULL, 0, NULL, NULL, 0),
(52, 'Super Cup of IGL', 1, 3, 'active', '2009-04-20 17:48:22', 128, 0, NULL, '2009-04-20 18:00:00', NULL, NULL, 1771, 5, 8, NULL, 0, NULL, NULL, 0),
(54, 'Sky NightCup', 1, 1, 'finished', '2009-04-20 23:26:56', 8, 1, NULL, '2009-04-20 18:00:00', NULL, NULL, 2315, 1, 6, NULL, 0, NULL, NULL, 1),
(62, 'HYPNOSIS.tour Spring 1x1 Cup', 1, 2, 'signup', '2009-04-22 20:40:49', 32, 1, NULL, '2009-04-29 18:00:00', NULL, NULL, 2006, 1, 7, NULL, 4, NULL, NULL, 1),
(63, 'SkyGames 1on1 Steamed Challenge II', 1, 1, 'closed', '2009-04-23 14:34:16', 16, 1, NULL, '2009-05-02 14:00:00', NULL, NULL, 2315, 1, 6, NULL, 0, NULL, NULL, 0),
(64, '#LEG mini 5x5 trn', 1, 3, 'finished', '2009-04-23 15:23:54', 8, 1, NULL, '2009-04-23 16:00:00', NULL, NULL, 2527, 5, 9, NULL, 0, NULL, NULL, 1),
(67, 'CS MegaNet Cup', 1, 3, 'finished', '2009-04-24 15:29:48', 8, 0, NULL, '2009-04-25 15:00:00', NULL, NULL, 1771, 5, 1, NULL, 0, NULL, NULL, 0),
(69, 'Baitukas Lan #2', 1, 1, 'finished', '2009-05-02 21:15:13', 8, 0, NULL, NULL, NULL, NULL, 1771, 5, 1, NULL, 0, NULL, NULL, 0),
(70, 'Specas VIII', 1, 1, 'finished', '2009-05-03 18:59:18', 10, 0, NULL, '2009-05-03 18:56:00', NULL, NULL, 1771, 5, 1, NULL, 0, NULL, NULL, 0),
(71, 'MOD.LT 2x2 Challenge #1', 1, 1, 'finished', '2009-05-04 20:45:31', 8, 0, NULL, NULL, NULL, NULL, 2565, 2, 4, NULL, 0, NULL, NULL, 0),
(74, 'CS:S Spring 2009 BalticCup', 2, 2, 'active', '2009-05-12 22:50:04', 17, 1, NULL, NULL, NULL, NULL, 1771, 5, 1, NULL, 2, NULL, NULL, 0),
(75, 'CGL Baltic I (LT atranka)', 1, 1, 'finished', '2009-05-13 18:48:41', 22, 0, NULL, NULL, NULL, NULL, 2565, 5, 8, NULL, 0, NULL, NULL, 0),
(77, 'Merginu 1x1 Trn #Femina', 1, 3, 'finished', '2009-05-30 12:31:09', 16, 1, NULL, NULL, NULL, NULL, 2315, 1, 6, NULL, NULL, NULL, NULL, 0),
(78, 'Specas-cups 16team cup', 1, 1, 'finished', '2009-06-04 18:35:29', 16, 1, NULL, NULL, NULL, NULL, 2315, 5, 6, NULL, 0, NULL, NULL, 1),
(79, 'CS FINALINIS TURNYRAS', 1, 1, 'finished', '2009-06-08 18:00:11', 8, 0, NULL, NULL, NULL, NULL, 2565, 5, 4, NULL, 0, NULL, NULL, 0),
(80, 'LEST: eSports.lt Summer Series', 1, 1, 'finished', '2009-06-22 10:19:23', 12, 0, NULL, NULL, NULL, NULL, 2565, 5, 4, NULL, 0, NULL, NULL, 0),
(81, 'SkyG AimCUP #1', 2, 1, 'finished', '2009-06-28 13:36:05', 8, 1, NULL, '2009-06-28 13:34:00', NULL, NULL, 1771, 1, 1, NULL, 0, NULL, NULL, 0),
(82, 'ASUS Baltic Summer 2009 Qualifier ', 1, 1, 'finished', '2009-08-14 02:05:54', 16, 0, NULL, NULL, NULL, NULL, 2565, 5, 8, NULL, 0, NULL, NULL, 0),
(83, 'Virtualnet #2', 1, 1, 'finished', '2009-08-25 16:07:15', 8, 0, NULL, NULL, NULL, NULL, 2565, 5, 4, NULL, 0, NULL, NULL, 1),
(84, 'SkyGames.cup', 1, 1, 'finished', '2009-09-24 11:40:37', 8, 1, NULL, NULL, NULL, NULL, 2421, 5, 6, NULL, 0, NULL, NULL, 1),
(85, '#SkyGames Cup #1', 1, 1, 'finished', '2009-09-24 12:32:47', 4, 1, NULL, NULL, NULL, NULL, 2421, 5, 6, NULL, 0, NULL, NULL, 1),
(86, '#SkyGames Cup #2', 1, 1, 'finished', '2009-09-26 11:56:23', 4, 1, NULL, NULL, NULL, NULL, 2421, 5, 6, NULL, 0, NULL, NULL, 1),
(87, '#Skygames.cs Tourney', 1, 1, 'signup', '2009-11-11 11:59:50', 8, 1, NULL, '2009-11-11 11:57:00', NULL, NULL, 2421, 5, 6, NULL, 1, NULL, NULL, 1);

-- --------------------------------------------------------

--
-- Sukurta duomenų struktūra lentelei `eventtypes`
--

CREATE TABLE IF NOT EXISTS `eventtypes` (
  `id` int(10) unsigned NOT NULL auto_increment,
  `name` varchar(45) collate utf8_unicode_ci default NULL,
  `groups` tinyint(4) default NULL,
  `winpoints` int(11) default NULL,
  `loosepoints` int(11) default NULL,
  `drawpoints` int(11) default NULL,
  `restrict` tinyint(1) NOT NULL,
  PRIMARY KEY  (`id`)
) ENGINE=InnoDB  DEFAULT CHARSET=utf8 COLLATE=utf8_unicode_ci PACK_KEYS=0 AUTO_INCREMENT=5 ;

--
-- Sukurta duomenų kopija lentelei `eventtypes`
--

INSERT INTO `eventtypes` (`id`, `name`, `groups`, `winpoints`, `loosepoints`, `drawpoints`, `restrict`) VALUES
(1, 'cup', NULL, NULL, NULL, NULL, 0),
(2, 'cup +groups', 1, 2, 0, 1, 0),
(3, 'vip cup', NULL, NULL, NULL, NULL, 1),
(4, 'vip cup +groups', 1, 2, 0, 1, 1);

-- --------------------------------------------------------

--
-- Sukurta duomenų struktūra lentelei `feeds`
--

CREATE TABLE IF NOT EXISTS `feeds` (
  `id` int(11) NOT NULL auto_increment,
  `name` varchar(64) collate utf8_unicode_ci default NULL,
  `url` varchar(255) collate utf8_unicode_ci default NULL,
  `show` tinyint(1) default NULL,
  `game_id` int(11) unsigned default NULL,
  `source` varchar(32) collate utf8_unicode_ci default NULL,
  PRIMARY KEY  (`id`),
  UNIQUE KEY `id` (`id`),
  UNIQUE KEY `name` (`name`),
  KEY `game_id` (`game_id`)
) ENGINE=InnoDB  DEFAULT CHARSET=utf8 COLLATE=utf8_unicode_ci AUTO_INCREMENT=15 ;

--
-- Sukurta duomenų kopija lentelei `feeds`
--

INSERT INTO `feeds` (`id`, `name`, `url`, `show`, `game_id`, `source`) VALUES
(1, 'sk_all', 'http://www.sk-gaming.com/rss/', 1, 0, 'SK Gaming'),
(2, 'sk_cod4', 'http://www.sk-gaming.com/rss/channel/cod4', 1, 3, 'SK Gaming'),
(3, 'sk_cs', 'http://www.sk-gaming.com/rss/channel/cs', 1, 1, 'SK Gaming'),
(4, 'cadred_all', 'http://www.cadred.org/Rss/Channel/1/', 1, 0, 'Cadred'),
(5, 'cadred_coverage', 'http://www.cadred.org/Rss/Channel/2/', 1, 0, 'Cadred'),
(6, 'gotfrag_all', 'http://www.gotfrag.com/portal/xact/xml/?f=stories&a=any', 1, 0, 'Gotfrag'),
(7, 'gotfrag_cs', 'http://www.gotfrag.com/portal/xact/xml/?f=stories&a=cs', 1, 1, 'Gotfrag'),
(8, 'gotfrag_css', 'http://www.gotfrag.com/portal/xact/xml/?f=stories&a=css', 1, 2, 'Gotfrag'),
(9, 'gotfrag_cod4', 'http://www.gotfrag.com/portal/xact/xml/?f=stories&a=cod', 1, 3, 'Gotfrag'),
(10, 'sk_wc3', 'http://www.sk-gaming.com/rss/channel/wc3', 1, 4, 'SK Gaming'),
(11, 'gotfrag_wc3', 'http://www.gotfrag.com/portal/xact/xml/?f=stories&a=war', 1, 4, 'Gotfrag'),
(12, 'cgs_all', 'http://feeds.feedburner.com/ChampionshipGamingSeriesNewsAndFeatures?format=xml', 0, 0, 'CGS'),
(13, 'cb_all', 'http://clanbase.ggl.com/rss.php', 0, 0, 'Clanbase'),
(14, 'gamestv_all', 'http://www.gamestv.org/rss.php?type=news', 1, 0, 'GamesTV');

-- --------------------------------------------------------

--
-- Sukurta duomenų struktūra lentelei `games`
--

CREATE TABLE IF NOT EXISTS `games` (
  `id` int(10) unsigned NOT NULL auto_increment,
  `name` varchar(45) collate utf8_unicode_ci default NULL,
  `icon` varchar(50) collate utf8_unicode_ci default NULL,
  `avatar` varchar(50) collate utf8_unicode_ci default NULL,
  PRIMARY KEY  (`id`),
  KEY `name` (`name`)
) ENGINE=InnoDB  DEFAULT CHARSET=utf8 COLLATE=utf8_unicode_ci PACK_KEYS=0 AUTO_INCREMENT=6 ;

--
-- Sukurta duomenų kopija lentelei `games`
--

INSERT INTO `games` (`id`, `name`, `icon`, `avatar`) VALUES
(1, 'Counter-Strike', '/img/uploads/games/cs.jpg', '/img/uploads/games/cs_big.gif'),
(2, 'Counter-Strike: Source', '/img/uploads/games/css.gif', '/img/uploads/games/css_big_rough.gif'),
(3, 'Call of Duty 4', '/img/uploads/games/cod4.gif', '/img/uploads/games/cod4_big.gif'),
(4, 'Warcraft 3', '/img/uploads/games/war3.gif ', ''),
(5, 'Fifa2009', '/img/uploads/games/fifa2008.jpg', '/img/uploads/games/fifa09_big.png');

-- --------------------------------------------------------

--
-- Sukurta duomenų struktūra lentelei `gamewords`
--

CREATE TABLE IF NOT EXISTS `gamewords` (
  `id` int(11) unsigned NOT NULL auto_increment,
  `label` varchar(45) collate utf8_unicode_ci default NULL,
  `value` varchar(45) collate utf8_unicode_ci default NULL,
  `game_id` int(10) unsigned NOT NULL,
  `lang_id` int(11) unsigned NOT NULL,
  PRIMARY KEY  (`id`),
  KEY `fk_gamedict_games` (`game_id`),
  KEY `fk_gamewords_langs` (`lang_id`)
) ENGINE=InnoDB DEFAULT CHARSET=utf8 COLLATE=utf8_unicode_ci AUTO_INCREMENT=1 ;

--
-- Sukurta duomenų kopija lentelei `gamewords`
--


-- --------------------------------------------------------

--
-- Sukurta duomenų struktūra lentelei `groups`
--

CREATE TABLE IF NOT EXISTS `groups` (
  `id` int(10) unsigned NOT NULL auto_increment,
  `name` varchar(50) character set utf8 collate utf8_unicode_ci NOT NULL,
  `level` int(11) NOT NULL,
  `redirect` varchar(50) character set utf8 collate utf8_unicode_ci NOT NULL,
  `perm_type` enum('allow','deny') character set latin1 NOT NULL default 'allow',
  `created` datetime NOT NULL default '0000-00-00 00:00:00',
  `modified` datetime NOT NULL default '0000-00-00 00:00:00',
  PRIMARY KEY  (`id`)
) ENGINE=MyISAM  DEFAULT CHARSET=utf8 AUTO_INCREMENT=5 ;

--
-- Sukurta duomenų kopija lentelei `groups`
--

INSERT INTO `groups` (`id`, `name`, `level`, `redirect`, `perm_type`, `created`, `modified`) VALUES
(1, 'webmasters', 300, '', 'allow', '0000-00-00 00:00:00', '2008-11-10 19:31:20'),
(2, 'editors', 200, '', 'allow', '0000-00-00 00:00:00', '2009-04-06 22:35:29'),
(3, 'members', 100, '', 'allow', '0000-00-00 00:00:00', '2008-03-22 18:34:13'),
(4, 'organizations', 150, '', 'allow', '0000-00-00 00:00:00', '2009-04-23 16:40:22');

-- --------------------------------------------------------

--
-- Sukurta duomenų struktūra lentelei `groups_permissions`
--

CREATE TABLE IF NOT EXISTS `groups_permissions` (
  `group_id` int(10) unsigned NOT NULL default '0',
  `permission_id` int(10) unsigned NOT NULL default '0',
  KEY `group_id` (`group_id`)
) ENGINE=InnoDB DEFAULT CHARSET=utf8;

--
-- Sukurta duomenų kopija lentelei `groups_permissions`
--

INSERT INTO `groups_permissions` (`group_id`, `permission_id`) VALUES
(3, 6),
(3, 10),
(3, 11),
(3, 12),
(3, 13),
(3, 14),
(3, 15),
(3, 16),
(3, 17),
(3, 18),
(3, 19),
(1, 1),
(3, 24),
(3, 23),
(3, 25),
(1, 9),
(3, 9),
(1, 34),
(3, 34),
(4, 34),
(4, 22),
(4, 14),
(4, 16),
(4, 31),
(4, 25),
(4, 27),
(4, 26),
(4, 7),
(4, 6),
(4, 2),
(4, 21),
(4, 33),
(4, 15),
(4, 28),
(4, 30),
(4, 29),
(4, 24),
(4, 11),
(4, 19),
(4, 12),
(4, 9),
(4, 18),
(4, 10),
(4, 17),
(4, 23),
(4, 13),
(2, 37),
(2, 32),
(2, 38),
(2, 39);

-- --------------------------------------------------------

--
-- Sukurta duomenų struktūra lentelei `grouptables`
--

CREATE TABLE IF NOT EXISTS `grouptables` (
  `id` int(11) NOT NULL auto_increment,
  `name` varchar(50) character set utf8 collate utf8_unicode_ci default NULL,
  `event_id` int(11) unsigned NOT NULL,
  PRIMARY KEY  (`id`),
  KEY `event_id` (`event_id`)
) ENGINE=InnoDB  DEFAULT CHARSET=utf8 AUTO_INCREMENT=27 ;

--
-- Sukurta duomenų kopija lentelei `grouptables`
--

INSERT INTO `grouptables` (`id`, `name`, `event_id`) VALUES
(1, 'A GRUPE', 39),
(2, 'B GRUPE', 39),
(3, 'ENC 2009 - Main Round GROUP A', 43),
(4, 'ENC 2009 - Main Round GROUP B', 43),
(7, 'HYPNOSIS.tour Spring 1x1 Cup GROUP A', 62),
(8, 'HYPNOSIS.tour Spring 1x1 Cup GROUP B', 62),
(9, 'HYPNOSIS.tour Spring 1x1 Cup GROUP C', 62),
(10, 'HYPNOSIS.tour Spring 1x1 Cup GROUP D', 62),
(19, 'CS:S Spring 2009 BalticCup GROUP A', 74),
(20, 'CS:S Spring 2009 BalticCup GROUP B', 74),
(21, 'CS:S Spring 2009 BalticCup GROUP C', 74),
(22, 'CS:S Spring 2009 BalticCup GROUP D', 74),
(23, '#Skygames.cs Tourney GROUP A', 87),
(24, '#Skygames.cs Tourney GROUP B', 87),
(25, '#Skygames.cs Tourney GROUP C', 87),
(26, '#Skygames.cs Tourney GROUP D', 87);

-- --------------------------------------------------------

--
-- Sukurta duomenų struktūra lentelei `grouptableteams`
--

CREATE TABLE IF NOT EXISTS `grouptableteams` (
  `id` int(11) NOT NULL auto_increment,
  `team_id` int(11) default NULL,
  `grouptable_id` int(11) default NULL,
  PRIMARY KEY  (`id`)
) ENGINE=InnoDB  DEFAULT CHARSET=utf8 AUTO_INCREMENT=266 ;

--
-- Sukurta duomenų kopija lentelei `grouptableteams`
--

INSERT INTO `grouptableteams` (`id`, `team_id`, `grouptable_id`) VALUES
(1, 459, 1),
(2, 512, 1),
(3, 233, 2),
(4, 477, 2),
(5, 494, 2),
(6, 509, 2),
(7, 484, 1),
(8, 522, 1),
(9, 565, NULL),
(10, 564, NULL),
(11, 566, NULL),
(12, 567, NULL),
(13, 564, NULL),
(14, 565, NULL),
(15, 568, NULL),
(16, 569, NULL),
(17, 520, NULL),
(18, 571, NULL),
(19, 568, NULL),
(20, 569, NULL),
(21, 576, NULL),
(22, 577, NULL),
(23, 558, NULL),
(24, 548, NULL),
(25, 578, NULL),
(26, 552, NULL),
(27, 553, NULL),
(28, 557, NULL),
(29, 582, NULL),
(30, 556, NULL),
(37, 386, NULL),
(38, 412, NULL),
(39, 387, NULL),
(40, 412, NULL),
(41, 576, NULL),
(42, 577, NULL),
(43, 576, NULL),
(44, 576, NULL),
(45, 578, NULL),
(46, 576, NULL),
(47, 576, NULL),
(48, 576, NULL),
(49, 553, NULL),
(50, 576, NULL),
(51, 582, NULL),
(52, 576, NULL),
(53, 553, NULL),
(54, 557, NULL),
(55, 582, NULL),
(56, 556, NULL),
(57, 578, NULL),
(58, 552, NULL),
(59, 548, NULL),
(60, 558, NULL),
(61, 588, NULL),
(62, 599, NULL),
(63, 548, NULL),
(64, 549, NULL),
(65, 602, NULL),
(66, 548, NULL),
(67, 602, NULL),
(68, 549, NULL),
(69, 549, NULL),
(70, 548, NULL),
(71, 477, NULL),
(72, 512, NULL),
(73, 568, NULL),
(74, 604, NULL),
(75, 568, NULL),
(76, 605, NULL),
(77, 568, NULL),
(78, 605, NULL),
(79, 568, NULL),
(80, 606, NULL),
(81, 568, NULL),
(82, 607, NULL),
(83, 566, NULL),
(84, 567, NULL),
(85, 616, NULL),
(86, 615, NULL),
(87, 619, NULL),
(88, 618, NULL),
(89, 616, NULL),
(90, 617, NULL),
(91, 612, NULL),
(92, 612, NULL),
(93, 612, NULL),
(94, 612, NULL),
(95, 612, NULL),
(96, 612, NULL),
(97, 613, NULL),
(98, 613, NULL),
(99, 612, NULL),
(100, 612, NULL),
(101, 612, NULL),
(102, 612, NULL),
(103, 564, NULL),
(104, 567, NULL),
(105, 565, NULL),
(106, 566, NULL),
(107, 588, NULL),
(108, 599, NULL),
(109, 520, NULL),
(110, 571, NULL),
(111, 609, NULL),
(112, 609, NULL),
(113, 640, NULL),
(114, 634, NULL),
(115, 568, NULL),
(116, 705, NULL),
(117, 568, NULL),
(118, 707, NULL),
(119, 568, NULL),
(120, 707, NULL),
(121, 568, NULL),
(122, 706, NULL),
(123, 716, 15),
(124, 712, 15),
(125, 725, 15),
(126, 722, 15),
(127, 714, 16),
(128, 713, 16),
(129, 720, 16),
(130, 721, 16),
(131, 710, 17),
(132, 724, 17),
(133, 711, 17),
(134, 719, 17),
(135, 715, 18),
(136, 717, 18),
(137, 723, 18),
(138, 726, 18),
(139, 716, 16),
(140, 712, 16),
(141, 710, 15),
(142, 711, 15),
(143, 710, 19),
(144, 711, 19),
(145, 713, 19),
(146, 712, 19),
(147, 714, 19),
(148, 710, NULL),
(149, 712, NULL),
(150, 715, 20),
(151, 716, 20),
(152, 717, 20),
(153, 718, 20),
(158, 724, 22),
(159, 723, 22),
(160, 725, 22),
(161, 726, 22),
(162, 719, 21),
(163, 720, 21),
(164, 721, 21),
(165, 722, 21),
(166, 755, NULL),
(167, 767, NULL),
(168, 765, NULL),
(169, 763, NULL),
(170, 760, NULL),
(171, 758, NULL),
(172, 764, NULL),
(173, 757, NULL),
(174, 762, NULL),
(175, 768, NULL),
(176, 613, NULL),
(177, 752, NULL),
(178, 759, NULL),
(179, 753, NULL),
(180, 761, NULL),
(181, 766, NULL),
(182, 765, NULL),
(183, 763, NULL),
(184, 765, NULL),
(185, 763, NULL),
(186, 765, NULL),
(187, 763, NULL),
(188, 755, NULL),
(189, 767, NULL),
(190, 755, NULL),
(191, 767, NULL),
(192, 755, NULL),
(193, 767, NULL),
(194, 755, NULL),
(195, 767, NULL),
(196, 767, NULL),
(197, 755, NULL),
(198, 763, NULL),
(199, 765, NULL),
(200, 763, NULL),
(201, 765, NULL),
(202, 767, NULL),
(203, 765, NULL),
(204, 770, NULL),
(205, 771, NULL),
(206, 773, NULL),
(207, 774, NULL),
(208, 775, NULL),
(209, 776, NULL),
(210, 777, NULL),
(211, 778, NULL),
(212, 780, NULL),
(213, 781, NULL),
(214, 783, NULL),
(215, 782, NULL),
(216, 784, NULL),
(217, 786, NULL),
(218, 785, NULL),
(219, 775, NULL),
(220, 783, NULL),
(221, 782, NULL),
(222, 785, NULL),
(223, 700, NULL),
(224, 783, NULL),
(225, 782, NULL),
(226, 784, NULL),
(227, 786, NULL),
(228, 784, NULL),
(229, 786, NULL),
(230, 783, NULL),
(231, 782, NULL),
(232, 783, NULL),
(233, 782, NULL),
(234, 755, NULL),
(235, 767, NULL),
(236, 765, NULL),
(237, 763, NULL),
(238, 760, NULL),
(239, 758, NULL),
(240, 764, NULL),
(241, 757, NULL),
(242, 762, NULL),
(243, 768, NULL),
(244, 613, NULL),
(245, 752, NULL),
(246, 759, NULL),
(247, 753, NULL),
(248, 761, NULL),
(249, 767, NULL),
(250, 761, NULL),
(251, 766, NULL),
(252, 675, NULL),
(253, 685, NULL),
(254, 504, NULL),
(255, 682, NULL),
(256, 690, NULL),
(257, 691, NULL),
(258, 692, NULL),
(259, 693, NULL),
(260, 694, NULL),
(261, 695, NULL),
(262, 842, NULL),
(263, 544, NULL),
(264, 543, NULL),
(265, 842, NULL);

-- --------------------------------------------------------

--
-- Sukurta duomenų struktūra lentelei `images`
--

CREATE TABLE IF NOT EXISTS `images` (
  `id` int(5) NOT NULL auto_increment,
  `caption` varchar(255) NOT NULL,
  `filename` varchar(255) NOT NULL,
  `alttext` varchar(255) NOT NULL,
  `folder` int(3) NOT NULL,
  UNIQUE KEY `id` (`id`)
) ENGINE=MyISAM  DEFAULT CHARSET=latin1 AUTO_INCREMENT=14 ;

--
-- Sukurta duomenų kopija lentelei `images`
--


-- --------------------------------------------------------

--
-- Sukurta duomenų struktūra lentelei `image_folders`
--

CREATE TABLE IF NOT EXISTS `image_folders` (
  `id` int(3) NOT NULL auto_increment,
  `caption` varchar(255) NOT NULL,
  UNIQUE KEY `id` (`id`)
) ENGINE=MyISAM  DEFAULT CHARSET=latin1 AUTO_INCREMENT=13 ;

--
-- Sukurta duomenų kopija lentelei `image_folders`
--

INSERT INTO `image_folders` (`id`, `caption`) VALUES
(10, 'Flags'),
(11, 'Banners'),
(12, 'Photo');

-- --------------------------------------------------------

--
-- Sukurta duomenų struktūra lentelei `infocats`
--

CREATE TABLE IF NOT EXISTS `infocats` (
  `id` int(11) unsigned NOT NULL auto_increment,
  `name` varchar(50) collate utf8_unicode_ci default NULL,
  `game_id` int(11) unsigned NOT NULL,
  PRIMARY KEY  (`id`),
  KEY `game_id` (`game_id`)
) ENGINE=InnoDB  DEFAULT CHARSET=utf8 COLLATE=utf8_unicode_ci AUTO_INCREMENT=3 ;

--
-- Sukurta duomenų kopija lentelei `infocats`
--

INSERT INTO `infocats` (`id`, `name`, `game_id`) VALUES
(1, 'Premiere cup', 1),
(2, 'General', 3);

-- --------------------------------------------------------

--
-- Sukurta duomenų struktūra lentelei `infocomments`
--

CREATE TABLE IF NOT EXISTS `infocomments` (
  `id` int(11) unsigned NOT NULL auto_increment,
  `body` text collate utf8_unicode_ci,
  `created` datetime default NULL,
  `user_id` int(11) unsigned default NULL,
  `info_id` int(10) unsigned default NULL,
  `seqnumber` int(11) default NULL,
  PRIMARY KEY  (`id`),
  KEY `user_id` (`user_id`),
  KEY `info_id` (`info_id`)
) ENGINE=InnoDB  DEFAULT CHARSET=utf8 COLLATE=utf8_unicode_ci AUTO_INCREMENT=136 ;

--
-- Sukurta duomenų kopija lentelei `infocomments`
--

-- --------------------------------------------------------

--
-- Sukurta duomenų struktūra lentelei `infos`
--

CREATE TABLE IF NOT EXISTS `infos` (
  `id` int(11) unsigned NOT NULL auto_increment,
  `title` varchar(50) collate utf8_unicode_ci default NULL,
  `desc` text collate utf8_unicode_ci,
  `body` text collate utf8_unicode_ci,
  `created` datetime default NULL,
  `modified` datetime default NULL,
  `user_id` int(11) unsigned default NULL,
  `infocat_id` int(11) unsigned NOT NULL,
  `lang_id` int(11) unsigned NOT NULL,
  `game_id` int(11) unsigned default NULL,
  PRIMARY KEY  (`id`),
  KEY `user_id` (`user_id`),
  KEY `infocat_id` (`infocat_id`),
  KEY `lang_id` (`lang_id`),
  KEY `game_id` (`game_id`)
) ENGINE=InnoDB  DEFAULT CHARSET=utf8 COLLATE=utf8_unicode_ci AUTO_INCREMENT=84 ;

--
-- Sukurta duomenų kopija lentelei `infos`
--

INSERT INTO `infos` (`id`, `title`, `desc`, `body`, `created`, `modified`, `user_id`, `infocat_id`, `lang_id`, `game_id`) VALUES
(1, 'Sveikas(-a) atvykęs(-us)!', 'Jei nori administruoti tinklalapį, prisijungti gali su slapyvardžiu <b>MekDrop</b> ir slaptažodžiu <b>keen</b>.', '2009-11-16 00:00:00', '2009-11-16 00:00:00', 1794, 2, 2, 3),
(2, 'Welcome!', 'You can login to admin account with login <b>MekDrop</b> and password <b>keen</b>.', '2009-11-16 00:00:00', '2009-11-16 00:00:00', 1794, 2, 1, 3);

-- --------------------------------------------------------

--
-- Sukurta duomenų struktūra lentelei `langs`
--

CREATE TABLE IF NOT EXISTS `langs` (
  `id` int(11) unsigned NOT NULL auto_increment,
  `name` varchar(45) collate utf8_unicode_ci default NULL,
  `code` char(3) collate utf8_unicode_ci default NULL,
  PRIMARY KEY  (`id`)
) ENGINE=InnoDB  DEFAULT CHARSET=utf8 COLLATE=utf8_unicode_ci AUTO_INCREMENT=4 ;

--
-- Sukurta duomenų kopija lentelei `langs`
--

INSERT INTO `langs` (`id`, `name`, `code`) VALUES
(1, 'English', 'eng'),
(2, 'Lithuanian', 'lit');

-- --------------------------------------------------------

--
-- Sukurta duomenų struktūra lentelei `maps`
--

CREATE TABLE IF NOT EXISTS `maps` (
  `id` int(11) NOT NULL auto_increment,
  `title` varchar(45) collate utf8_unicode_ci default NULL,
  `game_id` int(11) unsigned NOT NULL,
  PRIMARY KEY  (`id`),
  KEY `game_id` (`game_id`)
) ENGINE=InnoDB  DEFAULT CHARSET=utf8 COLLATE=utf8_unicode_ci AUTO_INCREMENT=14 ;

--
-- Sukurta duomenų kopija lentelei `maps`
--

INSERT INTO `maps` (`id`, `title`, `game_id`) VALUES
(1, 'de_season', 1),
(2, 'de_dust2', 2),
(3, 'de_prodigy', 2),
(4, 'de_villa', 2),
(5, 'de_nuke', 2),
(6, 'de_inferno', 2),
(7, 'de_italy', 2),
(8, 'de_train', 2),
(9, 'de_cpl_mill', 2),
(10, 'aim_map', 1),
(11, 'mp_any', 3),
(12, 'de_any', 2),
(13, 'de_tuscan', 2);

-- --------------------------------------------------------

--
-- Sukurta duomenų struktūra lentelei `matchcomments`
--

CREATE TABLE IF NOT EXISTS `matchcomments` (
  `id` int(11) unsigned NOT NULL auto_increment,
  `body` text collate utf8_unicode_ci,
  `created` datetime default NULL,
  `user_id` int(11) unsigned default NULL,
  `match_id` int(10) unsigned default NULL,
  `seqnumber` int(11) default NULL,
  PRIMARY KEY  (`id`),
  KEY `user_id` (`user_id`),
  KEY `match_id` (`match_id`)
) ENGINE=InnoDB  DEFAULT CHARSET=utf8 COLLATE=utf8_unicode_ci AUTO_INCREMENT=14 ;

--
-- Sukurta duomenų kopija lentelei `matchcomments`
--

INSERT INTO `matchcomments` (`id`, `body`, `created`, `user_id`, `match_id`, `seqnumber`) VALUES
(1, 'iNey ?', '2009-04-09 14:19:25', 1, 284, 1),
(2, 'iNey ?', '2009-04-09 14:22:43', 1, 284, 2),
(3, 'Bevardziai  ?', '2009-04-09 14:23:00', 1, 284, 3),
(4, 'Prapisit, atsimojuosit. :D', '2009-04-19 21:13:51', 2440, 294, 1),
(5, ':D', '2009-04-19 22:49:24', 1771, 294, 2),
(6, 'Galvojat gausit daugiau $ is manes ?', '2009-04-20 00:36:43', 1682, 294, 3),
(7, 'nGa ;)', '2009-04-20 18:52:49', 2481, 315, 1),
(8, 'prapis tie LT as laimesiu !!!!!!!!!!!', '2009-04-20 22:54:24', 1788, 312, 1),
(9, ':D', '2009-04-20 23:36:44', 1771, 312, 2),
(10, 'ko cia zvengi ??? cia teisybe kad laimesiu as o LT prapis :D', '2009-04-21 19:17:37', 1788, 312, 3),
(11, 'EK TO NX d:', '2009-04-21 21:15:20', 2065, 293, 1),
(12, 'eina sau pamirsau pastatyt buciau uz nGa :/', '2009-04-21 21:52:29', 2481, 316, 1),
(13, 'kas laimejo :D???', '2009-04-26 22:29:23', 1788, 310, 1);

-- --------------------------------------------------------

--
-- Sukurta duomenų struktūra lentelei `matches`
--

CREATE TABLE IF NOT EXISTS `matches` (
  `id` int(10) unsigned NOT NULL auto_increment,
  `team1_id` int(10) unsigned NOT NULL,
  `team2_id` int(10) unsigned NOT NULL,
  `event_id` int(10) unsigned NOT NULL,
  `tposition_x` int(11) default NULL,
  `tposition_y` int(11) default NULL,
  `playofftable_id` int(11) default NULL,
  `date` datetime default NULL,
  `modified` datetime default NULL,
  `user_id` int(11) default NULL,
  `grouptable_id` int(11) default NULL,
  PRIMARY KEY  (`id`),
  KEY `fk_Matches_Teams` (`team1_id`),
  KEY `fk_Matches_Teams1` (`team2_id`),
  KEY `fk_Matches_Events` (`event_id`),
  KEY `fk_matches_playofftables` (`playofftable_id`)
) ENGINE=InnoDB  DEFAULT CHARSET=utf8 COLLATE=utf8_unicode_ci AVG_ROW_LENGTH=1820 PACK_KEYS=0 AUTO_INCREMENT=497 ;

--
-- Sukurta duomenų kopija lentelei `matches`
--

INSERT INTO `matches` (`id`, `team1_id`, `team2_id`, `event_id`, `tposition_x`, `tposition_y`, `playofftable_id`, `date`, `modified`, `user_id`, `grouptable_id`) VALUES
(159, 215, 213, 32, 1, 1, 31, NULL, '2008-09-21 20:26:08', NULL, NULL),
(160, 214, 219, 32, 1, 2, 31, NULL, '2008-09-21 20:26:08', NULL, NULL),
(161, 213, 219, 32, 2, 1, 31, NULL, '2008-09-21 20:26:08', NULL, NULL),
(179, 267, 249, 34, 1, 1, 33, '2008-10-16 15:00:00', '2008-10-15 23:29:31', NULL, NULL),
(180, 367, 364, 34, 1, 2, 33, '2008-10-16 15:00:00', '2008-10-15 23:30:26', NULL, NULL),
(181, 297, 272, 34, 1, 3, 33, '2008-10-16 15:30:00', '2008-10-15 23:30:55', NULL, NULL),
(182, 255, 244, 34, 1, 4, 33, '2008-10-16 15:30:00', '2008-10-15 23:31:20', NULL, NULL),
(183, 378, 251, 34, 1, 5, 33, '2008-10-16 16:00:00', '2008-10-15 23:31:45', NULL, NULL),
(184, 305, 346, 34, 1, 6, 33, '2008-10-16 16:00:00', '2008-10-15 23:31:59', NULL, NULL),
(185, 352, 344, 34, 1, 7, 33, '2008-10-16 16:30:00', '2008-10-15 23:32:19', NULL, NULL),
(186, 273, 368, 34, 1, 8, 33, '2008-10-16 16:30:00', '2008-10-15 23:33:21', NULL, NULL),
(187, 246, 270, 34, 1, 9, 33, '2008-10-16 17:00:00', '2008-10-15 23:33:51', NULL, NULL),
(188, 289, 245, 34, 1, 10, 33, '2008-10-16 17:00:00', '2008-10-15 23:34:07', NULL, NULL),
(189, 258, 265, 34, 1, 11, 33, '2008-10-16 17:30:00', '2008-10-15 23:34:34', NULL, NULL),
(190, 247, 323, 34, 1, 12, 33, '2008-10-16 17:30:00', '2008-10-15 23:34:20', NULL, NULL),
(191, 281, 304, 34, 1, 13, 33, '2008-10-16 18:00:00', '2008-10-15 23:35:00', NULL, NULL),
(192, 349, 308, 34, 1, 14, 33, '2008-10-16 18:00:00', '2008-10-15 23:35:18', NULL, NULL),
(193, 268, 343, 34, 1, 15, 33, '2008-10-16 18:30:00', '2008-10-15 23:35:38', NULL, NULL),
(194, 327, 286, 34, 1, 16, 33, '2008-10-16 18:30:00', '2008-10-15 23:35:55', NULL, NULL),
(195, 249, 367, 34, 2, 1, 33, '2008-10-17 14:00:00', '2008-10-17 11:52:20', NULL, NULL),
(196, 272, 244, 34, 2, 2, 33, '2008-10-17 14:00:00', '2008-10-17 11:54:54', NULL, NULL),
(197, 378, 305, 34, 2, 3, 33, '2008-10-17 14:00:00', '2008-10-17 11:55:13', NULL, NULL),
(198, 344, 273, 34, 2, 4, 33, '2008-10-16 18:30:00', '2008-10-15 23:35:38', NULL, NULL),
(199, 246, 289, 34, 2, 5, 33, '2008-10-17 14:00:00', '2008-10-17 11:55:35', NULL, NULL),
(200, 265, 247, 34, 2, 6, 33, '2008-10-17 14:00:00', '2008-10-17 11:54:31', NULL, NULL),
(201, 304, 308, 34, 2, 7, 33, '2008-10-17 14:00:00', '2008-10-17 11:55:53', NULL, NULL),
(202, 268, 286, 34, 2, 8, 33, '2008-10-17 14:00:00', '2008-10-17 11:56:18', NULL, NULL),
(203, 249, 244, 34, 3, 1, 33, '2008-10-17 14:00:00', '2008-10-17 11:54:31', NULL, NULL),
(204, 305, 344, 34, 3, 2, 33, '2008-10-17 14:00:00', '2008-10-17 11:54:31', NULL, NULL),
(205, 289, 265, 34, 3, 3, 33, '2008-10-17 14:00:00', '2008-10-17 11:54:31', NULL, NULL),
(206, 308, 268, 34, 3, 4, 33, '2008-10-17 14:00:00', '2008-10-17 11:54:31', NULL, NULL),
(209, 391, 400, 36, 1, 3, 35, '2008-10-19 19:00:00', '2008-10-18 13:08:36', NULL, NULL),
(214, 249, 305, 34, 4, 1, 33, '2008-10-17 14:00:00', '2008-10-17 11:54:31', NULL, NULL),
(215, 265, 268, 34, 4, 2, 33, '2008-10-17 14:00:00', '2008-10-17 11:54:31', NULL, NULL),
(216, 305, 268, 34, 5, 1, 33, '2008-10-17 14:00:00', '2008-10-17 11:54:31', NULL, NULL),
(217, 214, 410, 38, 1, 1, 37, '2008-10-27 18:20:00', '2008-10-27 18:03:44', NULL, NULL),
(218, 439, 443, 38, 1, 2, 37, '2008-10-27 19:00:00', '2008-10-24 18:03:43', NULL, NULL),
(219, 69, 403, 38, 1, 3, 37, '2008-10-27 20:00:00', '2008-10-25 00:47:48', NULL, NULL),
(220, 409, 400, 38, 1, 4, 37, '2008-10-27 21:00:00', '2008-10-25 21:57:02', NULL, NULL),
(221, 445, 434, 38, 1, 5, 37, '2008-10-26 19:00:00', '2008-10-26 19:55:31', NULL, NULL),
(222, 399, 426, 38, 1, 6, 37, '2008-10-27 22:00:00', '2008-10-27 22:33:16', NULL, NULL),
(223, 438, 406, 38, 1, 7, 37, '2008-10-27 20:00:00', '2008-10-25 00:47:18', NULL, NULL),
(224, 428, 85, 38, 1, 8, 37, '2008-10-27 20:00:00', '2008-10-27 23:19:20', NULL, NULL),
(225, 214, 439, 38, 2, 1, 37, '2008-10-27 22:00:00', '2008-10-27 22:33:48', NULL, NULL),
(226, 69, 409, 38, 2, 2, 37, '2008-10-28 21:00:00', '2008-10-27 23:13:01', NULL, NULL),
(227, 434, 399, 38, 2, 3, 37, '2008-10-28 22:00:00', '2008-10-27 22:37:58', NULL, NULL),
(228, 406, 85, 38, 2, 4, 37, '2008-10-28 20:00:00', '2008-10-27 23:20:09', NULL, NULL),
(229, 410, 443, 38, -1, 4, 37, '2008-10-28 21:00:00', '2008-10-27 23:20:37', NULL, NULL),
(230, 403, 400, 38, -1, 3, 37, '2008-10-28 20:00:00', '2008-10-28 20:36:21', NULL, NULL),
(231, 445, 426, 38, -1, 1, 37, '2008-10-28 19:00:00', '2009-04-10 17:01:05', NULL, NULL),
(232, 438, 428, 38, -1, 2, 37, '2008-10-28 19:00:00', '2009-04-10 17:04:34', NULL, NULL),
(233, 214, 409, 38, 3, 1, 37, '2008-10-28 23:31:00', '2008-10-28 23:31:24', NULL, NULL),
(234, 399, 85, 38, 3, 2, 37, '2008-10-29 22:00:00', '2008-10-28 23:59:38', NULL, NULL),
(235, 428, 69, 38, -2, 2, 37, '2008-10-29 20:00:00', '2009-04-10 17:03:21', NULL, NULL),
(236, 445, 439, 38, -2, 1, 37, '2008-10-29 21:00:00', '2009-04-10 17:01:44', NULL, NULL),
(237, 451, 406, 38, -2, 3, 37, '2008-10-29 21:00:00', '2008-10-29 17:09:09', NULL, NULL),
(238, 443, 434, 38, -2, 4, 37, '2008-10-29 20:00:00', '2008-10-29 19:15:23', NULL, NULL),
(239, 445, 69, 38, -3, 1, 37, '2008-10-31 18:00:00', '2008-10-31 09:32:32', NULL, NULL),
(240, 237, 434, 38, -3, 2, 37, '2008-10-30 20:00:00', '2008-10-30 12:42:58', NULL, NULL),
(241, 214, 399, 38, 4, 1, 37, '2008-10-31 18:00:00', '2008-10-31 09:32:32', NULL, NULL),
(242, 445, 409, 38, -4, 1, 37, '2008-11-04 20:00:00', '2008-10-31 21:02:37', NULL, NULL),
(243, 434, 85, 38, -4, 2, 37, '2008-11-04 20:00:00', '2008-10-31 21:02:53', NULL, NULL),
(244, 409, 434, 38, -5, 1, 37, '2008-11-04 20:00:00', '2008-10-31 21:02:53', NULL, NULL),
(245, 434, 399, 38, -6, 1, 37, '2008-11-04 20:00:00', '2008-10-31 21:02:53', NULL, NULL),
(246, 434, 214, 38, 0, 0, 37, '2008-11-09 18:00:00', '2008-11-05 07:36:06', NULL, NULL),
(248, 309, 488, 40, NULL, NULL, NULL, '2008-12-01 20:00:00', '2008-12-01 17:34:59', NULL, NULL),
(249, 182, 488, 40, NULL, NULL, NULL, '2008-12-02 19:00:00', '2008-12-01 17:35:08', NULL, NULL),
(250, 309, 182, 40, NULL, NULL, NULL, '2008-12-03 19:00:00', '2008-12-01 17:35:25', NULL, NULL),
(251, 520, 499, 40, NULL, NULL, NULL, '2008-12-01 19:00:00', '2008-12-01 17:35:46', NULL, NULL),
(252, 458, 520, 40, NULL, NULL, NULL, '2008-12-02 20:00:00', '2008-12-01 17:36:03', NULL, NULL),
(253, 499, 458, 40, NULL, NULL, NULL, '2008-12-03 20:00:00', '2008-12-01 17:36:18', NULL, NULL),
(255, 504, 230, 40, NULL, NULL, NULL, '2008-12-02 21:00:00', '2008-12-01 17:37:03', NULL, NULL),
(256, 504, 507, 40, NULL, NULL, NULL, '2008-12-03 21:00:00', '2008-12-01 17:37:19', NULL, NULL),
(257, 521, 485, 40, NULL, NULL, NULL, '2008-12-01 22:00:00', '2008-12-01 17:37:31', NULL, NULL),
(258, 521, 493, 40, NULL, NULL, NULL, '2008-12-03 22:00:00', '2008-12-01 17:39:11', NULL, NULL),
(259, 493, 485, 40, NULL, NULL, NULL, '2008-12-02 22:00:00', '2008-12-01 17:39:18', NULL, NULL),
(263, 484, 459, 39, NULL, NULL, 38, '2008-12-03 19:00:00', '2009-04-09 15:29:18', NULL, 1),
(264, 484, 512, 39, NULL, NULL, 38, '2008-12-02 19:00:00', '2009-04-09 15:31:38', NULL, 1),
(265, 459, 512, 39, NULL, NULL, 38, '2008-12-01 19:00:00', '2009-04-09 15:28:04', NULL, 1),
(266, 494, 233, 39, NULL, NULL, 38, '2008-12-01 20:00:00', '2009-04-10 17:37:45', NULL, 2),
(267, 494, 477, 39, NULL, NULL, 38, '2008-12-02 20:00:00', '2009-04-10 17:38:57', NULL, 2),
(268, 509, 494, 39, NULL, NULL, 38, '2008-12-03 20:00:00', '2009-04-09 15:33:22', NULL, 2),
(269, 233, 477, 39, NULL, NULL, 38, '2008-12-03 21:00:00', '2009-04-10 17:35:07', NULL, 2),
(271, 509, 477, 39, NULL, NULL, 38, '2008-12-01 21:00:00', '2009-04-09 15:33:04', NULL, 2),
(272, 230, 525, 41, NULL, NULL, NULL, '2008-12-04 19:00:00', '2008-12-01 18:16:14', NULL, NULL),
(273, 526, 527, 41, NULL, NULL, NULL, '2008-12-04 19:00:00', '2008-12-01 18:16:27', NULL, NULL),
(274, 520, 523, 41, NULL, NULL, NULL, '2008-12-04 19:00:00', '2008-12-01 18:16:38', NULL, NULL),
(275, 214, 529, 41, NULL, NULL, NULL, '2008-12-04 19:00:00', '2008-12-01 18:16:54', NULL, NULL),
(276, 528, 531, 41, NULL, NULL, NULL, '2008-12-04 19:00:00', '2008-12-01 18:17:04', NULL, NULL),
(277, 524, 530, 41, NULL, NULL, NULL, '2008-12-04 19:00:00', '2008-12-01 18:17:18', NULL, NULL),
(278, 525, 526, 41, NULL, NULL, NULL, '2008-12-04 20:00:00', '2008-12-01 18:17:33', NULL, NULL),
(279, 523, 527, 41, NULL, NULL, NULL, '2008-12-04 20:00:00', '2008-12-01 18:17:47', NULL, NULL),
(281, 528, 529, 41, NULL, NULL, NULL, '2008-12-04 20:00:00', '2008-12-01 18:18:15', NULL, NULL),
(282, 531, 524, 41, NULL, NULL, NULL, '2008-12-04 20:00:00', '2008-12-01 18:18:30', NULL, NULL),
(283, 214, 530, 41, NULL, NULL, NULL, '2008-12-04 20:00:00', '2008-12-01 18:18:41', NULL, NULL),
(284, 233, 509, 39, NULL, NULL, 38, NULL, '2009-04-09 15:32:51', NULL, 2),
(285, 522, 484, 39, NULL, NULL, NULL, NULL, '2009-04-09 15:35:17', NULL, 1),
(286, 512, 522, 39, NULL, NULL, NULL, NULL, '2009-04-09 15:36:28', NULL, 1),
(287, 459, 522, 39, NULL, NULL, NULL, NULL, '2009-04-09 15:37:39', NULL, 1),
(290, 461, 459, 39, 1, 1, 38, NULL, '2009-04-10 17:47:12', NULL, NULL),
(291, 461, 477, 39, 2, 1, 38, NULL, '2009-04-10 17:54:11', NULL, NULL),
(292, 564, 565, 44, 1, 1, 43, NULL, '2009-04-19 19:31:10', NULL, NULL),
(293, 566, 567, 44, 1, 2, 43, '2009-04-21 20:00:00', '2009-04-20 20:34:30', NULL, NULL),
(294, 568, 569, 45, NULL, NULL, NULL, '2009-04-20 20:00:00', '2009-04-19 20:11:48', NULL, NULL),
(296, 576, 577, 48, NULL, NULL, NULL, '2009-04-22 21:44:00', '2009-04-19 22:43:28', NULL, NULL),
(297, 574, 575, 48, NULL, NULL, NULL, '2009-04-22 21:45:00', '2009-04-19 22:47:22', NULL, NULL),
(298, 578, 552, 48, NULL, NULL, NULL, '2009-04-22 21:45:00', '2009-04-19 22:47:02', NULL, NULL),
(299, 553, 581, 48, NULL, NULL, NULL, '2009-04-22 21:46:00', '2009-04-19 22:46:26', NULL, NULL),
(300, 582, 583, 48, NULL, NULL, NULL, '2009-04-22 21:46:00', '2009-04-19 22:46:47', NULL, NULL),
(310, 588, 599, 46, NULL, NULL, NULL, '2009-04-26 21:00:00', '2009-04-21 21:24:28', NULL, NULL),
(312, 549, 548, 50, NULL, NULL, NULL, '2009-04-22 20:00:00', '2009-04-20 15:57:02', NULL, NULL),
(313, 477, 512, 39, 1, 2, 38, NULL, '2009-04-20 17:01:24', NULL, NULL),
(315, 568, 604, 52, NULL, NULL, NULL, '2009-04-20 21:00:00', '2009-04-20 17:51:18', NULL, NULL),
(316, 568, 605, 52, NULL, NULL, NULL, '2009-04-21 20:00:00', '2009-04-20 17:54:24', NULL, NULL),
(317, 568, 606, 52, NULL, NULL, NULL, '2009-04-30 21:00:00', '2009-04-20 17:56:14', NULL, NULL),
(318, 568, 607, 52, NULL, NULL, NULL, '2009-05-05 20:00:00', '2009-04-20 18:01:00', NULL, NULL),
(319, 616, 615, 54, 1, 1, 48, NULL, '2009-04-21 00:02:37', NULL, NULL),
(320, 620, 617, 54, 1, 2, 48, NULL, '2009-04-20 23:48:03', NULL, NULL),
(321, 621, 613, 54, 1, 3, 48, NULL, '2009-04-20 23:48:03', NULL, NULL),
(322, 619, 618, 54, 1, 4, 48, NULL, '2009-04-21 00:03:09', NULL, NULL),
(323, 616, 617, 54, 2, 1, 48, NULL, '2009-04-21 00:27:09', NULL, NULL),
(324, 621, 619, 54, 2, 2, 48, NULL, '2009-04-20 23:48:03', NULL, NULL),
(325, 617, 621, 54, 3, 1, 48, NULL, '2009-04-20 23:48:03', NULL, NULL),
(332, 564, 567, 44, 2, 1, 43, NULL, '2009-04-21 21:03:21', NULL, NULL),
(333, 565, 566, 44, -1, 1, 43, NULL, '2009-04-21 21:03:31', NULL, NULL),
(335, 635, 637, 64, 1, 1, 58, NULL, '2009-04-23 15:42:35', NULL, NULL),
(336, 638, 639, 64, 1, 2, 58, NULL, '2009-04-23 15:42:35', NULL, NULL),
(337, 640, 641, 64, 1, 3, 58, NULL, '2009-04-23 15:42:35', NULL, NULL),
(338, 634, 636, 64, 1, 4, 58, NULL, '2009-04-23 15:42:35', NULL, NULL),
(340, 635, 639, 64, 2, 1, 58, NULL, '2009-04-23 15:42:35', NULL, NULL),
(341, 640, 634, 64, 2, 2, 58, NULL, '2009-04-23 15:42:35', NULL, NULL),
(342, 635, 640, 64, 3, 1, 58, NULL, '2009-04-23 15:42:35', NULL, NULL),
(343, 566, 567, 44, -2, 1, 43, NULL, '2009-04-21 21:03:31', NULL, NULL),
(344, 566, 564, 44, 0, 0, 43, NULL, '2009-04-21 21:03:31', NULL, NULL),
(345, 568, 705, 52, NULL, NULL, NULL, '2009-05-14 21:00:00', '2009-05-07 20:01:32', NULL, NULL),
(346, 568, 707, 52, NULL, NULL, NULL, '2009-05-27 21:00:00', '2009-05-07 20:02:15', NULL, NULL),
(347, 568, 706, 52, NULL, NULL, NULL, '2009-05-19 20:00:00', '2009-05-07 20:03:14', NULL, NULL),
(387, 710, 714, 74, NULL, NULL, NULL, '2009-05-18 00:00:00', '2009-05-12 23:06:45', NULL, 19),
(388, 712, 713, 74, NULL, NULL, NULL, '2009-05-18 00:00:00', '2009-05-12 23:07:34', NULL, 19),
(389, 716, 717, 74, NULL, NULL, NULL, '2009-05-18 00:00:00', '2009-05-12 23:08:00', NULL, 20),
(390, 718, 715, 74, NULL, NULL, NULL, '2009-05-18 00:00:00', '2009-05-12 23:08:18', NULL, 20),
(391, 722, 720, 74, NULL, NULL, NULL, '2009-05-18 00:00:00', '2009-05-12 23:08:47', NULL, 21),
(392, 719, 721, 74, NULL, NULL, NULL, '2009-05-18 00:00:00', '2009-05-12 23:09:09', NULL, 21),
(393, 723, 726, 74, NULL, NULL, NULL, '2009-05-18 00:00:00', '2009-05-12 23:10:16', NULL, 22),
(394, 725, 724, 74, NULL, NULL, NULL, '2009-05-18 00:00:00', '2009-05-12 23:10:08', NULL, 22),
(395, 719, 722, 74, NULL, NULL, NULL, NULL, '2009-05-24 11:59:34', NULL, 21),
(424, 770, 771, 78, 1, 1, 66, NULL, '2009-06-04 19:08:04', NULL, NULL),
(425, 773, 774, 78, 1, 2, 66, NULL, '2009-06-04 19:08:24', NULL, NULL),
(426, 775, 776, 78, 1, 3, 66, NULL, '2009-06-04 19:08:41', NULL, NULL),
(428, 777, 778, 78, 1, 5, 66, NULL, '2009-06-04 19:09:00', NULL, NULL),
(429, 780, 781, 78, 1, 6, 66, NULL, '2009-06-04 19:09:29', NULL, NULL),
(430, 783, 782, 78, 1, 6, 66, NULL, '2009-06-04 19:56:38', NULL, NULL),
(431, 785, 700, 78, 1, 8, 66, NULL, '2009-06-04 19:15:42', NULL, NULL),
(432, 784, 786, 78, 1, 7, 66, NULL, '2009-06-04 19:58:46', NULL, NULL),
(433, 770, 774, 78, 2, 1, 66, NULL, '2009-06-04 19:58:46', NULL, NULL),
(434, 776, 777, 78, 2, 2, 66, NULL, '2009-06-04 19:58:46', NULL, NULL),
(435, 781, 783, 78, 2, 3, 66, NULL, '2009-06-04 19:58:46', NULL, NULL),
(436, 786, 785, 78, 2, 4, 66, NULL, '2009-06-04 19:58:46', NULL, NULL),
(438, 783, 782, 78, 1, 4, 66, NULL, '2009-06-04 20:32:58', NULL, NULL),
(439, 770, 777, 78, 3, 1, 66, NULL, '2009-06-04 19:58:46', NULL, NULL),
(440, 781, 785, 78, 3, 2, 66, NULL, '2009-06-04 19:58:46', NULL, NULL),
(441, 755, 767, 77, 1, 1, 65, NULL, '2009-06-04 20:53:13', NULL, NULL),
(442, 765, 763, 77, 1, 2, 65, NULL, '2009-06-04 20:53:43', NULL, NULL),
(443, 760, 758, 77, 1, 3, 65, NULL, '2009-06-04 20:54:19', NULL, NULL),
(444, 764, 757, 77, 1, 4, 65, NULL, '2009-06-04 20:54:45', NULL, NULL),
(445, 762, 768, 77, 1, 5, 65, NULL, '2009-06-04 20:55:04', NULL, NULL),
(446, 613, 752, 77, 1, 6, 65, NULL, '2009-06-04 20:55:32', NULL, NULL),
(447, 759, 753, 77, 1, 7, 65, NULL, '2009-06-04 20:55:53', NULL, NULL),
(448, 761, 766, 77, 1, 8, 65, NULL, '2009-06-04 20:58:54', NULL, NULL),
(449, 755, 763, 77, 2, 1, 65, NULL, '2009-06-04 20:58:54', NULL, NULL),
(450, 760, 757, 77, 2, 2, 65, NULL, '2009-06-04 20:58:54', NULL, NULL),
(451, 762, 613, 77, 2, 3, 65, NULL, '2009-06-04 20:58:54', NULL, NULL),
(452, 759, 761, 77, 2, 4, 65, NULL, '2009-06-04 20:58:54', NULL, NULL),
(453, 767, 765, 77, -1, 1, 65, NULL, '2009-06-04 20:58:54', NULL, NULL),
(454, 758, 764, 77, -1, 2, 65, NULL, '2009-06-04 20:58:54', NULL, NULL),
(455, 768, 752, 77, -1, 3, 65, NULL, '2009-06-04 20:58:54', NULL, NULL),
(456, 753, 766, 77, -1, 4, 65, NULL, '2009-06-04 20:58:54', NULL, NULL),
(457, 755, 757, 77, 3, 1, 65, NULL, '2009-06-04 20:58:54', NULL, NULL),
(458, 613, 759, 77, 3, 2, 65, NULL, '2009-06-04 20:58:54', NULL, NULL),
(459, 767, 763, 77, -2, 1, 65, NULL, '2009-06-04 20:58:54', NULL, NULL),
(460, 764, 760, 77, -2, 2, 65, NULL, '2009-06-04 20:58:54', NULL, NULL),
(461, 752, 762, 77, -2, 3, 65, NULL, '2009-06-04 20:58:54', NULL, NULL),
(462, 753, 761, 77, -2, 4, 65, NULL, '2009-06-04 20:58:54', NULL, NULL),
(463, 763, 764, 77, -3, 1, 65, NULL, '2009-06-04 20:58:54', NULL, NULL),
(464, 752, 753, 77, -3, 2, 65, NULL, '2009-06-04 20:58:54', NULL, NULL),
(465, 755, 613, 77, 4, 1, 65, NULL, '2009-06-04 20:58:54', NULL, NULL),
(466, 763, 757, 77, -4, 1, 65, NULL, '2009-06-04 20:58:54', NULL, NULL),
(467, 752, 759, 77, -4, 2, 65, NULL, '2009-06-04 20:58:54', NULL, NULL),
(468, 763, 759, 77, -5, 1, 65, NULL, '2009-06-04 20:58:54', NULL, NULL),
(469, 763, 755, 77, -6, 1, 65, NULL, '2009-06-04 20:58:54', NULL, NULL),
(470, 755, 613, 77, 0, 0, 65, NULL, '2009-06-04 20:58:54', NULL, NULL),
(471, 770, 781, 78, 4, 1, 66, NULL, '2009-06-04 19:58:46', NULL, NULL),
(472, 675, 685, 70, NULL, NULL, NULL, '2009-06-06 01:35:00', '2009-06-06 01:36:15', NULL, NULL),
(473, 504, 682, 70, NULL, NULL, NULL, NULL, '2009-06-06 01:36:40', NULL, NULL),
(474, 690, 691, 70, NULL, NULL, NULL, NULL, '2009-06-06 01:36:56', NULL, NULL),
(475, 692, 693, 70, NULL, NULL, NULL, NULL, '2009-06-06 01:37:09', NULL, NULL),
(476, 694, 695, 70, NULL, NULL, NULL, NULL, '2009-06-06 01:37:20', NULL, NULL),
(477, 809, 810, 81, 1, 1, 67, NULL, '2009-06-28 13:44:55', NULL, NULL),
(478, 808, 812, 81, 1, 2, 67, NULL, '2009-06-28 13:44:55', NULL, NULL),
(479, 811, 806, 81, 1, 3, 67, NULL, '2009-06-28 13:44:55', NULL, NULL),
(480, 805, 807, 81, 1, 4, 67, NULL, '2009-06-28 13:44:55', NULL, NULL),
(481, 809, 808, 81, 2, 1, 67, NULL, '2009-06-28 13:44:55', NULL, NULL),
(482, 806, 807, 81, 2, 2, 67, NULL, '2009-06-28 13:44:55', NULL, NULL),
(483, 808, 806, 81, 3, 1, 67, NULL, '2009-06-28 13:44:55', NULL, NULL),
(484, 543, 840, 84, 1, 1, 68, NULL, '2009-09-24 11:48:53', NULL, NULL),
(485, 841, 839, 84, 1, 2, 68, NULL, '2009-09-24 11:48:53', NULL, NULL),
(486, 544, 838, 84, 1, 3, 68, NULL, '2009-09-24 11:48:53', NULL, NULL),
(487, 842, 836, 84, 1, 4, 68, NULL, '2009-09-24 11:48:53', NULL, NULL),
(488, 543, 841, 84, 2, 1, 68, NULL, '2009-09-24 11:48:53', NULL, NULL),
(489, 842, 544, 84, 2, 2, 68, NULL, '2009-09-24 11:53:04', NULL, NULL),
(490, 543, 842, 84, 3, 1, 68, NULL, '2009-09-24 11:53:32', NULL, NULL),
(491, 845, 846, 85, 1, 1, 69, NULL, '2009-09-24 13:23:54', NULL, NULL),
(492, 847, 844, 85, 1, 2, 69, NULL, '2009-09-24 13:23:54', NULL, NULL),
(493, 845, 844, 85, 2, 1, 69, NULL, '2009-09-24 13:23:54', NULL, NULL),
(494, 851, 850, 86, 1, 1, 70, NULL, '2009-09-26 12:26:44', NULL, NULL),
(495, 853, 852, 86, 1, 2, 70, NULL, '2009-09-26 12:26:44', NULL, NULL),
(496, 851, 853, 86, 2, 1, 70, NULL, '2009-09-26 12:26:44', NULL, NULL);

-- --------------------------------------------------------

--
-- Sukurta duomenų struktūra lentelei `matchparts`
--

CREATE TABLE IF NOT EXISTS `matchparts` (
  `id` int(11) NOT NULL auto_increment,
  `title` varchar(45) collate utf8_unicode_ci default NULL,
  `game_id` int(10) unsigned default NULL,
  `constant` tinyint(1) default NULL,
  `final` tinyint(1) default NULL,
  PRIMARY KEY  (`id`),
  KEY `fk_matchparts_games` (`game_id`)
) ENGINE=InnoDB  DEFAULT CHARSET=utf8 COLLATE=utf8_unicode_ci AUTO_INCREMENT=7 ;

--
-- Sukurta duomenų kopija lentelei `matchparts`
--

INSERT INTO `matchparts` (`id`, `title`, `game_id`, `constant`, `final`) VALUES
(1, 'Final score', 1, 1, 1),
(2, 'First half', 1, 0, 0),
(3, 'Second half', 1, 0, 0),
(4, 'First Map', 2, 1, 0),
(5, 'Second Map', 2, 1, 0),
(6, 'Third Map', 2, 1, 0);

-- --------------------------------------------------------

--
-- Sukurta duomenų struktūra lentelei `memberships`
--

CREATE TABLE IF NOT EXISTS `memberships` (
  `user_id` int(11) unsigned default NULL,
  `team_id` int(11) unsigned default NULL,
  `id` int(11) NOT NULL auto_increment,
  `status` enum('invited','member') collate utf8_unicode_ci NOT NULL,
  PRIMARY KEY  (`id`),
  KEY `team_id` (`team_id`),
  KEY `user_id` (`user_id`)
) ENGINE=InnoDB  DEFAULT CHARSET=utf8 COLLATE=utf8_unicode_ci AUTO_INCREMENT=2434 ;

--
-- Sukurta duomenų kopija lentelei `memberships`
--

INSERT INTO `memberships` (`user_id`, `team_id`, `id`, `status`) VALUES
(1771, 205, 60, 'member'),
(1990, 205, 61, 'member'),
(NULL, 400, 1709, 'invited'),
(NULL, 454, 1733, 'invited'),
(NULL, 400, 1757, 'invited'),
(NULL, 434, 1806, 'invited'),
(NULL, 453, 1813, 'invited'),
(NULL, 413, 1845, 'invited'),
(NULL, 508, 1863, 'invited'),
(NULL, 464, 1868, 'invited'),
(NULL, 503, 1898, 'invited'),
(NULL, 237, 1914, 'invited'),
(1998, 218, 1998, 'member'),
(1957, 238, 1999, 'member'),
(2005, 233, 2003, 'member'),
(NULL, 451, 2006, 'invited'),
(2103, 350, 2009, 'member'),
(2130, 377, 2010, 'member'),
(1874, 377, 2012, 'invited'),
(2136, 380, 2013, 'member'),
(NULL, 449, 2086, 'invited'),
(NULL, 478, 2111, 'invited'),
(NULL, 237, 2120, 'invited'),
(NULL, 434, 2141, 'invited'),
(2139, 380, 2142, 'member'),
(2143, 380, 2144, 'invited'),
(NULL, 434, 2145, 'invited'),
(2149, 380, 2157, 'member'),
(NULL, 428, 2168, 'invited'),
(2152, 401, 2169, 'member'),
(2086, 402, 2175, 'member'),
(1776, 402, 2176, 'member'),
(1771, 399, 2179, 'member'),
(2160, 408, 2180, 'member'),
(2166, 415, 2184, 'member'),
(2146, 420, 2187, 'member'),
(NULL, 438, 2192, 'invited'),
(NULL, 443, 2196, 'invited'),
(2175, 426, 2198, 'member'),
(2171, 426, 2199, 'member'),
(2172, 426, 2200, 'member'),
(NULL, 446, 2202, 'invited'),
(2168, 428, 2208, 'member'),
(2177, 428, 2209, 'invited'),
(2173, 428, 2210, 'member'),
(2178, 428, 2212, 'member'),
(2170, 426, 2213, 'member'),
(2180, 426, 2215, 'member'),
(NULL, 461, 2220, 'invited'),
(NULL, 466, 2223, 'invited'),
(NULL, 464, 2224, 'invited'),
(NULL, 468, 2229, 'invited'),
(NULL, 512, 2231, 'invited'),
(NULL, 512, 2232, 'invited'),
(NULL, 499, 2233, 'invited'),
(NULL, 478, 2235, 'invited'),
(NULL, 505, 2236, 'invited'),
(NULL, 484, 2248, 'invited'),
(NULL, 512, 2253, 'invited'),
(NULL, 485, 2254, 'invited'),
(2198, 443, 2255, 'member'),
(2199, 489, 2258, 'member'),
(1910, 443, 2259, 'member'),
(2200, 443, 2260, 'member'),
(2203, 447, 2263, 'member'),
(NULL, 494, 2264, 'invited'),
(1736, 399, 2266, 'member'),
(2000, 399, 2267, 'invited'),
(1700, 399, 2268, 'invited'),
(1691, 399, 2269, 'invited'),
(NULL, 509, 2270, 'invited'),
(2210, 455, 2273, 'member'),
(1793, 456, 2274, 'member'),
(NULL, 504, 2276, 'invited'),
(NULL, 506, 2277, 'invited'),
(2217, 458, 2278, 'member'),
(2216, 458, 2279, 'member'),
(2219, 460, 2281, 'member'),
(2221, 463, 2284, 'member'),
(NULL, 512, 2285, 'invited'),
(NULL, 516, 2288, 'invited'),
(2234, 464, 2292, 'member'),
(1820, 476, 2300, 'member'),
(2237, 464, 2301, 'member'),
(2242, 464, 2302, 'member'),
(2246, 478, 2306, 'member'),
(2235, 478, 2307, 'member'),
(2211, 478, 2308, 'member'),
(2255, 484, 2331, 'member'),
(2248, 484, 2332, 'member'),
(2169, 487, 2335, 'member'),
(2256, 487, 2336, 'invited'),
(2197, 487, 2337, 'invited'),
(1809, 464, 2338, 'member'),
(2259, 490, 2340, 'member'),
(2261, 492, 2341, 'member'),
(2261, 492, 2342, 'member'),
(2265, 494, 2344, 'member'),
(2266, 494, 2345, 'member'),
(2267, 494, 2346, 'member'),
(2264, 494, 2348, 'member'),
(2269, 494, 2349, 'member'),
(2271, 500, 2354, 'member'),
(2056, 504, 2358, 'member'),
(2279, 504, 2362, 'member'),
(2280, 509, 2367, 'member'),
(2281, 509, 2368, 'member'),
(2270, 509, 2369, 'member'),
(2283, 509, 2370, 'member'),
(2282, 509, 2371, 'member'),
(2286, 509, 2376, 'member'),
(2251, 512, 2377, 'member'),
(2163, 517, 2379, 'member'),
(2231, 512, 2380, 'member'),
(2232, 512, 2381, 'member'),
(2239, 512, 2382, 'member'),
(2285, 512, 2383, 'member'),
(2290, 512, 2384, 'member'),
(2245, 512, 2385, 'member'),
(2292, 494, 2386, 'member'),
(2276, 504, 2387, 'member'),
(1966, 504, 2388, 'member'),
(2291, 512, 2389, 'member'),
(2295, 494, 2391, 'member'),
(2289, 509, 2392, 'member'),
(1970, 532, 2393, 'member'),
(2313, 536, 2395, 'member'),
(2340, 539, 2397, 'member'),
(2341, 539, 2398, 'member'),
(2343, 539, 2399, 'member'),
(2345, 539, 2400, 'member'),
(2352, 539, 2401, 'member'),
(2353, 540, 2402, 'member'),
(2233, 471, 2403, 'member'),
(2397, 541, 2404, 'member'),
(2418, 543, 2405, 'member'),
(2421, 544, 2407, 'member'),
(2418, 544, 2408, 'member'),
(2421, 543, 2409, 'member'),
(2429, 546, 2410, 'member'),
(2360, 608, 2411, 'member'),
(1913, 611, 2412, 'member'),
(2473, 622, 2413, 'member'),
(2454, 627, 2414, 'member'),
(2549, 659, 2415, 'member'),
(2554, 664, 2416, 'member'),
(2563, 684, 2417, 'member'),
(2565, 685, 2418, 'member'),
(1682, 696, 2420, 'member'),
(2572, 685, 2422, 'member'),
(1964, 685, 2423, 'invited'),
(2571, 685, 2424, 'invited'),
(2263, 685, 2425, 'invited'),
(2488, 748, 2426, 'member'),
(2428, 813, 2427, 'member'),
(2565, 832, 2428, 'member'),
(2421, 854, 2429, 'member'),
(2421, 855, 2430, 'member'),
(2421, 859, 2431, 'member'),
(2421, 860, 2432, 'member'),
(2421, 861, 2433, 'member');

-- --------------------------------------------------------

--
-- Sukurta duomenų struktūra lentelei `menus`
--

CREATE TABLE IF NOT EXISTS `menus` (
  `id` int(11) NOT NULL auto_increment,
  `title` varchar(64) character set latin1 default NULL,
  `link` varchar(255) character set latin1 default NULL,
  PRIMARY KEY  (`id`)
) ENGINE=InnoDB  DEFAULT CHARSET=utf8 AUTO_INCREMENT=12 ;

--
-- Sukurta duomenų kopija lentelei `menus`
--

INSERT INTO `menus` (`id`, `title`, `link`) VALUES
(3, 'events', '/events/index'),
(6, 'stats', '/statistics/index'),
(7, 'users', '/users/index'),
(8, 'forums', '/threadcats/index'),
(9, 'servers', '/servers/index'),
(10, 'news', '/infos/index'),
(11, 'e-scene', '/feeds/index');

-- --------------------------------------------------------

--
-- Sukurta duomenų struktūra lentelei `nominations`
--

CREATE TABLE IF NOT EXISTS `nominations` (
  `id` int(11) NOT NULL auto_increment,
  `eventtype_id` int(11) default NULL,
  `awardtype_id` int(11) default NULL,
  PRIMARY KEY  (`id`)
) ENGINE=InnoDB  DEFAULT CHARSET=utf8 AUTO_INCREMENT=10 ;

--
-- Sukurta duomenų kopija lentelei `nominations`
--

INSERT INTO `nominations` (`id`, `eventtype_id`, `awardtype_id`) VALUES
(1, 1, 1),
(2, 1, 2),
(3, 2, 1),
(4, 2, 2),
(5, 3, 1),
(6, 3, 2),
(7, 4, 1),
(8, 4, 2),
(9, 1, 4);

-- --------------------------------------------------------

--
-- Sukurta duomenų struktūra lentelei `orgs`
--

CREATE TABLE IF NOT EXISTS `orgs` (
  `id` int(10) unsigned NOT NULL auto_increment,
  `show` bit(1) default NULL,
  `name` varchar(50) character set utf8 collate utf8_unicode_ci default NULL,
  `user_id` int(10) unsigned default NULL,
  `created` datetime default NULL,
  `website` varchar(40) character set utf8 collate utf8_unicode_ci default NULL,
  `irc` varchar(40) character set utf8 collate utf8_unicode_ci default NULL,
  `logo_url` varchar(40) character set utf8 collate utf8_unicode_ci default NULL,
  `country_id` int(11) default NULL,
  PRIMARY KEY  (`id`)
) ENGINE=InnoDB  DEFAULT CHARSET=utf8 AUTO_INCREMENT=11 ;

--
-- Sukurta duomenų kopija lentelei `orgs`
--

INSERT INTO `orgs` (`id`, `show`, `name`, `user_id`, `created`, `website`, `irc`, `logo_url`, `country_id`) VALUES
(1, '', 'SkyGames', 1682, '2008-01-25 16:00:00', 'www.skygames.lt', '#skygames@irc.aitvaras.net', NULL, NULL),
(2, '', 'NGA Gaming', 1806, '2008-10-25 16:00:00', 'www.nga-gaming.com', '#nga-gaming', '/img/uploads/logos/banner_nga0.jpg', NULL),
(3, '', 'ESL: European Nations Cup', 1682, '2008-10-25 16:00:00', 'www.esl.eu/eu/enc/', '#esl@irc.quakenet.se', '/img/uploads/logos/enc20090.jpg', NULL),
(4, '', 'Mod.lt', 1682, '2008-10-25 16:00:00', 'www.mod.lt', '#mod', '/img/uploads/logos/modlt.jpg', NULL),
(5, '', 'ClanBase', 1682, '2008-10-25 16:00:00', 'www.clanbase.org', '#clanbase@irc.quakenet.se', '/img/uploads/logos/clanbase0.jpg', NULL),
(6, '', 'SkyGames CS', 1682, '2008-10-25 16:00:00', 'www.skygames.lt', '#skygames-cs', '/img/uploads/logos/1240509919_3120.jpg', NULL),
(7, NULL, 'HYPNOSIS', 1682, '2008-10-25 16:00:00', 'www.hypnosis.lt', '#hypnosis', '/img/uploads/logos/hypnosis.jpg', NULL),
(8, '', 'IGL', 1682, '2008-10-25 16:00:00', 'www.cyberarena.tv', '#cyberarena', '/img/uploads/logos/header0.jpg', NULL),
(9, '', '#SkyGames cup', 1682, NULL, '', '#skygames.cs', '/img/uploads/logos/leg.jpg', NULL),
(10, '', 'CGL', 1682, NULL, 'www.cyberarena.tv', NULL, NULL, NULL);

-- --------------------------------------------------------

--
-- Sukurta duomenų struktūra lentelei `permissions`
--

CREATE TABLE IF NOT EXISTS `permissions` (
  `id` int(10) unsigned NOT NULL auto_increment,
  `name` varchar(50) character set latin1 NOT NULL default '',
  `created` datetime NOT NULL default '0000-00-00 00:00:00',
  `modified` datetime NOT NULL default '0000-00-00 00:00:00',
  PRIMARY KEY  (`id`),
  UNIQUE KEY `name` (`name`)
) ENGINE=InnoDB  DEFAULT CHARSET=utf8 AUTO_INCREMENT=40 ;

--
-- Sukurta duomenų kopija lentelei `permissions`
--

INSERT INTO `permissions` (`id`, `name`, `created`, `modified`) VALUES
(1, '*', '0000-00-00 00:00:00', '0000-00-00 00:00:00'),
(2, 'news', '0000-00-00 00:00:00', '0000-00-00 00:00:00'),
(6, 'menus/view', '0000-00-00 00:00:00', '2008-02-27 00:29:58'),
(7, 'menus', '0000-00-00 00:00:00', '0000-00-00 00:00:00'),
(8, 'groups/edit', '0000-00-00 00:00:00', '0000-00-00 00:00:00'),
(9, 'teams/add', '0000-00-00 00:00:00', '2009-04-19 18:36:18'),
(10, 'teams/edit', '0000-00-00 00:00:00', '2008-03-22 18:45:45'),
(11, 'teamplayers/add', '0000-00-00 00:00:00', '2008-03-22 18:47:31'),
(12, 'teamplayers/edit', '0000-00-00 00:00:00', '0000-00-00 00:00:00'),
(13, 'users/edit', '0000-00-00 00:00:00', '0000-00-00 00:00:00'),
(14, 'events/sign', '0000-00-00 00:00:00', '0000-00-00 00:00:00'),
(15, 'posts/add', '0000-00-00 00:00:00', '0000-00-00 00:00:00'),
(16, 'infocomments/add', '0000-00-00 00:00:00', '0000-00-00 00:00:00'),
(17, 'threads/add', '0000-00-00 00:00:00', '2008-09-09 00:41:49'),
(18, 'teams/delete', '0000-00-00 00:00:00', '2008-09-20 16:48:39'),
(19, 'teamplayers/delete', '0000-00-00 00:00:00', '0000-00-00 00:00:00'),
(20, 'feeds/admin_view', '0000-00-00 00:00:00', '2009-04-06 22:38:32'),
(21, 'orgs/edit', '0000-00-00 00:00:00', '0000-00-00 00:00:00'),
(22, 'events/add', '0000-00-00 00:00:00', '0000-00-00 00:00:00'),
(23, 'users/addcomment', '0000-00-00 00:00:00', '2009-04-09 14:13:34'),
(24, 'servers/addcomment', '0000-00-00 00:00:00', '0000-00-00 00:00:00'),
(25, 'matches/addcomment', '0000-00-00 00:00:00', '0000-00-00 00:00:00'),
(26, 'matches/edit', '0000-00-00 00:00:00', '0000-00-00 00:00:00'),
(27, 'matches/delete', '0000-00-00 00:00:00', '0000-00-00 00:00:00'),
(28, 'results/add', '0000-00-00 00:00:00', '0000-00-00 00:00:00'),
(29, 'results/edit', '0000-00-00 00:00:00', '0000-00-00 00:00:00'),
(30, 'results/delete', '0000-00-00 00:00:00', '0000-00-00 00:00:00'),
(31, 'matches/add', '0000-00-00 00:00:00', '0000-00-00 00:00:00'),
(32, 'infos/admin_index', '0000-00-00 00:00:00', '2009-07-16 16:37:39'),
(33, 'orgs/promote', '0000-00-00 00:00:00', '0000-00-00 00:00:00'),
(34, 'betts/add', '0000-00-00 00:00:00', '0000-00-00 00:00:00'),
(37, 'infos/admin_add', '0000-00-00 00:00:00', '0000-00-00 00:00:00'),
(38, 'infos/admin_edit', '0000-00-00 00:00:00', '0000-00-00 00:00:00'),
(39, 'infos/admin_delete', '0000-00-00 00:00:00', '0000-00-00 00:00:00');

-- --------------------------------------------------------

--
-- Sukurta duomenų struktūra lentelei `playofftables`
--

CREATE TABLE IF NOT EXISTS `playofftables` (
  `id` int(11) NOT NULL auto_increment,
  `name` varchar(45) collate utf8_unicode_ci default NULL,
  `events_id` int(10) unsigned default NULL,
  `size` int(11) default NULL,
  `type` enum('S','D') collate utf8_unicode_ci NOT NULL,
  `theme` varchar(50) collate utf8_unicode_ci default NULL,
  PRIMARY KEY  (`id`),
  KEY `fk_playofftables_events` (`events_id`)
) ENGINE=InnoDB  DEFAULT CHARSET=utf8 COLLATE=utf8_unicode_ci AUTO_INCREMENT=72 ;

--
-- Sukurta duomenų kopija lentelei `playofftables`
--

INSERT INTO `playofftables` (`id`, `name`, `events_id`, `size`, `type`, `theme`) VALUES
(31, '2on2 Quick Cup', 32, 4, 'S', 'skygames8'),
(33, 'SkyGames 1on1 Steamed Challenge', 34, 32, 'S', 'skygames16'),
(35, '2on2 Steamed CUP', 36, 8, 'S', 'skygames8'),
(37, 'Community 5on5 cup', 38, 16, 'D', 'cs16'),
(38, 'Community League 2008 COD4', 39, 4, 'S', 'cs8'),
(39, 'Community League CS', 40, 16, 'S', 'cs16'),
(40, 'Community League CSS', 41, 16, 'D', 'cs16'),
(42, 'ENC 2009 - Main Round', 43, 4, 'S', 'cs8'),
(43, '#MOD.LT 1x1 Challenge #1', 44, 4, 'D', 'cs8'),
(48, 'Sky NightCup', 54, 8, 'S', 'skygames8'),
(56, 'HYPNOSIS.tour Spring 1x1 Cup', 62, 16, 'S', 'cs16'),
(57, 'SkyGames 1on1 Steamed Challenge II', 63, 16, 'D', 'skygames16'),
(58, '#LEG mini 5x5 trn', 64, 8, 'S', 'cs8'),
(63, 'CS:S Spring 2009 BalticCup', 74, 8, 'S', 'cs8'),
(65, 'Merginu 1x1 Trn #Femina', 77, 16, 'D', 'cs16'),
(66, 'Specas-cups 16team cup', 78, 16, 'S', 'cs8'),
(67, 'SkyG AimCUP #1', 81, 8, 'S', 'cs8'),
(68, 'SkyGames.cup', 84, 8, 'S', 'cs8'),
(69, '#SkyGames Cup #1', 85, 4, 'S', 'cs8'),
(70, '#SkyGames Cup #2', 86, 4, 'S', 'cs8'),
(71, '#Skygames.cs Tourney', 87, 4, 'S', 'cs8');

-- --------------------------------------------------------

--
-- Sukurta duomenų struktūra lentelei `pools`
--

CREATE TABLE IF NOT EXISTS `pools` (
  `event_id` int(10) unsigned NOT NULL,
  `team_id` int(10) unsigned NOT NULL,
  `id` int(11) NOT NULL auto_increment,
  `level` enum('S','A','K') collate utf8_unicode_ci NOT NULL default 'S',
  PRIMARY KEY  (`id`),
  KEY `fk_events_has_teams_events` (`event_id`),
  KEY `fk_events_has_teams_teams` (`team_id`)
) ENGINE=InnoDB  DEFAULT CHARSET=utf8 COLLATE=utf8_unicode_ci AUTO_INCREMENT=1306 ;

--
-- Sukurta duomenų kopija lentelei `pools`
--

INSERT INTO `pools` (`event_id`, `team_id`, `id`, `level`) VALUES
(32, 212, 153, 'S'),
(32, 213, 157, 'A'),
(32, 215, 158, 'A'),
(32, 219, 159, 'A'),
(34, 291, 569, 'A'),
(34, 370, 570, 'A'),
(34, 353, 571, 'S'),
(34, 328, 572, 'S'),
(34, 251, 573, 'A'),
(34, 297, 574, 'A'),
(34, 268, 575, 'A'),
(34, 341, 576, 'S'),
(34, 252, 577, 'S'),
(34, 317, 578, 'S'),
(34, 343, 579, 'A'),
(34, 254, 580, 'S'),
(34, 253, 581, 'S'),
(34, 270, 582, 'A'),
(34, 335, 583, 'S'),
(34, 256, 584, 'S'),
(34, 271, 585, 'S'),
(34, 296, 586, 'S'),
(34, 273, 587, 'A'),
(34, 292, 588, 'S'),
(34, 334, 589, 'S'),
(34, 306, 590, 'S'),
(34, 323, 592, 'A'),
(34, 364, 593, 'A'),
(34, 255, 594, 'A'),
(34, 331, 595, 'S'),
(34, 366, 596, 'S'),
(34, 246, 597, 'A'),
(34, 322, 598, 'S'),
(34, 354, 599, 'S'),
(34, 339, 600, 'S'),
(34, 288, 601, 'S'),
(34, 272, 602, 'A'),
(34, 274, 603, 'S'),
(34, 269, 604, 'S'),
(34, 327, 605, 'A'),
(34, 242, 606, 'S'),
(34, 369, 607, 'S'),
(34, 243, 608, 'S'),
(34, 275, 609, 'S'),
(34, 298, 610, 'S'),
(34, 324, 611, 'S'),
(34, 308, 612, 'A'),
(34, 278, 613, 'S'),
(34, 258, 614, 'A'),
(34, 284, 615, 'S'),
(34, 267, 616, 'A'),
(34, 300, 617, 'S'),
(34, 357, 618, 'S'),
(34, 344, 620, 'A'),
(34, 347, 621, 'S'),
(34, 264, 622, 'S'),
(34, 249, 623, 'A'),
(34, 333, 624, 'S'),
(34, 365, 625, 'S'),
(34, 359, 626, 'S'),
(34, 346, 627, 'A'),
(34, 289, 628, 'A'),
(34, 259, 629, 'S'),
(34, 307, 630, 'S'),
(34, 286, 631, 'A'),
(34, 257, 632, 'S'),
(34, 342, 633, 'S'),
(34, 277, 634, 'S'),
(34, 248, 635, 'S'),
(34, 356, 636, 'S'),
(34, 363, 638, 'S'),
(34, 302, 639, 'S'),
(34, 337, 640, 'S'),
(34, 368, 641, 'A'),
(34, 311, 642, 'S'),
(34, 330, 643, 'S'),
(34, 279, 644, 'S'),
(34, 320, 645, 'S'),
(34, 321, 646, 'S'),
(34, 266, 647, 'S'),
(34, 281, 648, 'A'),
(34, 318, 649, 'S'),
(34, 326, 650, 'S'),
(34, 319, 651, 'S'),
(34, 336, 652, 'S'),
(34, 315, 653, 'S'),
(34, 276, 654, 'S'),
(34, 287, 655, 'S'),
(34, 250, 656, 'S'),
(34, 244, 657, 'A'),
(34, 361, 658, 'S'),
(34, 260, 659, 'S'),
(34, 332, 660, 'S'),
(34, 261, 661, 'S'),
(34, 303, 662, 'S'),
(34, 239, 663, 'S'),
(34, 348, 664, 'S'),
(34, 285, 665, 'S'),
(34, 313, 666, 'S'),
(34, 371, 667, 'S'),
(34, 310, 668, 'S'),
(34, 367, 669, 'A'),
(34, 305, 670, 'A'),
(34, 312, 671, 'S'),
(34, 376, 672, 'S'),
(34, 360, 673, 'S'),
(34, 282, 674, 'S'),
(34, 358, 675, 'S'),
(34, 262, 676, 'S'),
(34, 349, 677, 'A'),
(34, 373, 678, 'S'),
(34, 314, 679, 'S'),
(34, 263, 680, 'S'),
(34, 247, 681, 'A'),
(34, 374, 682, 'S'),
(34, 338, 683, 'S'),
(34, 355, 684, 'S'),
(34, 265, 685, 'A'),
(34, 351, 686, 'S'),
(34, 372, 687, 'S'),
(34, 340, 688, 'S'),
(34, 283, 689, 'S'),
(34, 362, 690, 'S'),
(34, 304, 691, 'A'),
(34, 316, 692, 'S'),
(34, 280, 693, 'S'),
(34, 329, 694, 'S'),
(34, 294, 695, 'S'),
(34, 290, 696, 'S'),
(34, 375, 697, 'S'),
(34, 295, 698, 'S'),
(34, 378, 699, 'A'),
(34, 379, 700, 'S'),
(36, 382, 703, 'A'),
(36, 391, 705, 'A'),
(36, 414, 731, 'A'),
(34, 245, 732, 'S'),
(38, 403, 733, 'A'),
(38, 69, 737, 'A'),
(38, 426, 738, 'A'),
(38, 428, 739, 'A'),
(38, 85, 741, 'A'),
(38, 410, 746, 'A'),
(38, 439, 748, 'A'),
(38, 434, 749, 'A'),
(38, 214, 753, 'A'),
(38, 445, 755, 'A'),
(38, 400, 756, 'A'),
(38, 399, 759, 'A'),
(38, 409, 760, 'A'),
(38, 406, 761, 'A'),
(38, 438, 762, 'A'),
(38, 443, 763, 'A'),
(40, 237, 767, 'A'),
(40, 309, 768, 'A'),
(40, 458, 769, 'A'),
(39, 459, 770, 'A'),
(39, 461, 771, 'A'),
(40, 453, 772, 'A'),
(40, 413, 773, 'A'),
(40, 466, 774, 'A'),
(40, 464, 775, 'A'),
(40, 468, 776, 'A'),
(40, 471, 778, 'S'),
(40, 473, 780, 'S'),
(39, 477, 781, 'A'),
(40, 478, 782, 'S'),
(39, 484, 787, 'A'),
(40, 485, 789, 'S'),
(40, 489, 791, 'A'),
(40, 488, 792, 'A'),
(40, 493, 793, 'A'),
(39, 494, 794, 'A'),
(40, 499, 796, 'A'),
(40, 503, 797, 'S'),
(40, 504, 798, 'A'),
(40, 505, 799, 'S'),
(40, 506, 800, 'S'),
(40, 507, 801, 'A'),
(40, 508, 802, 'A'),
(39, 509, 803, 'A'),
(39, 512, 804, 'A'),
(40, 516, 805, 'A'),
(41, 214, 900, 'A'),
(41, 524, 903, 'A'),
(41, 529, 904, 'A'),
(41, 525, 905, 'A'),
(41, 530, 906, 'A'),
(41, 528, 907, 'A'),
(41, 526, 908, 'A'),
(41, 527, 909, 'A'),
(41, 523, 910, 'A'),
(41, 531, 911, 'A'),
(39, 522, 912, 'A'),
(43, 559, 914, 'A'),
(43, 560, 917, 'A'),
(43, 563, 918, 'A'),
(43, 562, 920, 'A'),
(43, 561, 921, 'A'),
(44, 567, 933, 'A'),
(44, 565, 934, 'A'),
(44, 564, 935, 'A'),
(45, 568, 941, 'A'),
(45, 569, 942, 'A'),
(45, 520, 943, 'A'),
(45, 571, 944, 'A'),
(48, 576, 945, 'A'),
(48, 553, 946, 'A'),
(48, 582, 951, 'A'),
(48, 577, 952, 'A'),
(48, 578, 953, 'A'),
(44, 566, 966, 'A'),
(48, 574, 967, 'A'),
(48, 556, 968, 'A'),
(48, 581, 971, 'A'),
(43, 558, 972, 'A'),
(48, 575, 977, 'A'),
(46, 588, 982, 'A'),
(46, 591, 983, 'A'),
(46, 595, 984, 'A'),
(46, 592, 985, 'A'),
(46, 593, 986, 'A'),
(46, 594, 987, 'A'),
(46, 597, 988, 'A'),
(46, 596, 989, 'A'),
(46, 598, 990, 'A'),
(46, 600, 991, 'A'),
(46, 599, 992, 'A'),
(46, 601, 993, 'A'),
(50, 548, 994, 'A'),
(50, 602, 995, 'A'),
(50, 549, 996, 'A'),
(52, 568, 997, 'A'),
(52, 604, 998, 'A'),
(52, 605, 999, 'A'),
(52, 606, 1000, 'A'),
(52, 607, 1001, 'A'),
(48, 579, 1002, 'A'),
(54, 612, 1003, 'S'),
(54, 613, 1004, 'A'),
(54, 614, 1005, 'S'),
(54, 615, 1006, 'A'),
(54, 616, 1007, 'A'),
(54, 617, 1008, 'A'),
(54, 618, 1009, 'A'),
(54, 619, 1010, 'A'),
(54, 620, 1011, 'A'),
(54, 621, 1012, 'A'),
(62, 240, 1027, 'S'),
(62, 273, 1028, 'S'),
(62, 340, 1029, 'S'),
(62, 628, 1030, 'S'),
(62, 328, 1031, 'S'),
(62, 629, 1032, 'S'),
(62, 623, 1033, 'S'),
(62, 630, 1034, 'S'),
(62, 612, 1035, 'S'),
(62, 631, 1036, 'S'),
(62, 277, 1037, 'S'),
(62, 632, 1038, 'S'),
(62, 633, 1039, 'S'),
(62, 256, 1040, 'S'),
(64, 609, 1041, 'A'),
(62, 642, 1042, 'S'),
(62, 643, 1043, 'S'),
(64, 634, 1044, 'A'),
(64, 635, 1045, 'A'),
(64, 636, 1046, 'A'),
(64, 637, 1047, 'A'),
(64, 638, 1048, 'A'),
(64, 639, 1049, 'A'),
(64, 640, 1050, 'A'),
(64, 641, 1051, 'A'),
(62, 644, 1052, 'S'),
(62, 645, 1053, 'S'),
(63, 629, 1054, 'A'),
(63, 645, 1055, 'S'),
(63, 308, 1056, 'A'),
(62, 308, 1057, 'S'),
(62, 646, 1058, 'S'),
(63, 646, 1059, 'S'),
(62, 367, 1060, 'S'),
(63, 647, 1061, 'A'),
(63, 644, 1062, 'A'),
(63, 648, 1063, 'A'),
(63, 649, 1064, 'A'),
(62, 649, 1065, 'S'),
(63, 650, 1066, 'A'),
(67, 568, 1067, 'A'),
(67, 449, 1068, 'A'),
(67, 233, 1069, 'A'),
(67, 453, 1070, 'A'),
(67, 651, 1071, 'A'),
(67, 654, 1072, 'A'),
(67, 653, 1073, 'A'),
(67, 655, 1074, 'A'),
(63, 657, 1075, 'A'),
(63, 658, 1076, 'A'),
(63, 378, 1077, 'A'),
(63, 660, 1078, 'A'),
(63, 623, 1079, 'A'),
(63, 661, 1080, 'S'),
(62, 663, 1085, 'S'),
(63, 665, 1086, 'A'),
(63, 666, 1087, 'A'),
(63, 667, 1088, 'A'),
(63, 340, 1089, 'S'),
(63, 668, 1090, 'A'),
(62, 669, 1091, 'S'),
(62, 671, 1092, 'S'),
(63, 672, 1093, 'S'),
(63, 673, 1094, 'S'),
(62, 674, 1095, 'S'),
(69, 682, 1096, 'A'),
(69, 675, 1097, 'A'),
(69, 683, 1098, 'A'),
(69, 678, 1099, 'A'),
(69, 677, 1100, 'A'),
(69, 680, 1101, 'A'),
(69, 681, 1102, 'A'),
(69, 679, 1103, 'A'),
(62, 687, 1104, 'S'),
(70, 675, 1105, 'A'),
(70, 685, 1106, 'A'),
(70, 504, 1107, 'A'),
(70, 682, 1108, 'A'),
(70, 690, 1109, 'A'),
(70, 691, 1110, 'A'),
(70, 692, 1111, 'A'),
(70, 693, 1112, 'A'),
(70, 694, 1113, 'A'),
(70, 695, 1114, 'A'),
(62, 697, 1115, 'S'),
(71, 698, 1116, 'A'),
(71, 699, 1117, 'A'),
(71, 700, 1118, 'A'),
(71, 493, 1119, 'A'),
(71, 702, 1120, 'A'),
(71, 703, 1121, 'A'),
(71, 704, 1122, 'A'),
(71, 603, 1123, 'A'),
(52, 705, 1124, 'A'),
(52, 706, 1125, 'A'),
(52, 707, 1126, 'A'),
(74, 710, 1145, 'A'),
(74, 712, 1146, 'A'),
(74, 713, 1147, 'A'),
(74, 714, 1148, 'A'),
(74, 715, 1149, 'A'),
(74, 716, 1150, 'A'),
(74, 717, 1151, 'A'),
(74, 718, 1152, 'A'),
(74, 719, 1153, 'A'),
(74, 720, 1154, 'A'),
(74, 721, 1155, 'A'),
(74, 722, 1156, 'A'),
(74, 723, 1157, 'A'),
(74, 724, 1158, 'A'),
(74, 725, 1159, 'A'),
(74, 726, 1160, 'A'),
(74, 711, 1161, 'A'),
(75, 727, 1162, 'A'),
(75, 728, 1163, 'A'),
(75, 729, 1164, 'A'),
(75, 730, 1165, 'A'),
(75, 731, 1166, 'A'),
(75, 401, 1167, 'A'),
(75, 733, 1168, 'A'),
(75, 734, 1169, 'A'),
(75, 735, 1170, 'A'),
(75, 737, 1171, 'A'),
(75, 739, 1172, 'A'),
(75, 741, 1173, 'A'),
(75, 664, 1174, 'A'),
(75, 743, 1175, 'A'),
(75, 744, 1176, 'A'),
(75, 685, 1177, 'A'),
(75, 692, 1178, 'A'),
(75, 745, 1179, 'A'),
(75, 675, 1180, 'A'),
(75, 746, 1181, 'A'),
(75, 676, 1182, 'A'),
(75, 504, 1183, 'A'),
(77, 752, 1191, 'A'),
(77, 753, 1192, 'A'),
(77, 755, 1193, 'A'),
(77, 757, 1194, 'A'),
(77, 758, 1195, 'A'),
(77, 759, 1196, 'A'),
(77, 762, 1197, 'A'),
(77, 761, 1198, 'A'),
(77, 760, 1199, 'A'),
(77, 764, 1200, 'A'),
(77, 763, 1201, 'A'),
(77, 765, 1202, 'A'),
(77, 767, 1203, 'A'),
(77, 766, 1204, 'A'),
(77, 768, 1205, 'A'),
(77, 613, 1206, 'A'),
(78, 785, 1207, 'A'),
(78, 781, 1208, 'A'),
(78, 770, 1209, 'A'),
(78, 771, 1210, 'A'),
(78, 774, 1211, 'A'),
(78, 773, 1212, 'A'),
(78, 775, 1213, 'A'),
(78, 776, 1214, 'A'),
(78, 777, 1215, 'A'),
(78, 778, 1216, 'A'),
(78, 780, 1217, 'A'),
(78, 782, 1218, 'A'),
(78, 783, 1219, 'A'),
(78, 784, 1220, 'A'),
(78, 786, 1221, 'A'),
(78, 700, 1222, 'A'),
(79, 730, 1223, 'A'),
(79, 734, 1224, 'A'),
(79, 789, 1225, 'A'),
(79, 790, 1226, 'A'),
(79, 736, 1227, 'A'),
(79, 791, 1228, 'A'),
(79, 792, 1229, 'A'),
(79, 793, 1230, 'A'),
(80, 685, 1231, 'A'),
(80, 790, 1232, 'A'),
(80, 741, 1233, 'A'),
(80, 794, 1234, 'A'),
(80, 795, 1235, 'A'),
(80, 797, 1236, 'A'),
(80, 798, 1237, 'A'),
(80, 799, 1238, 'A'),
(80, 800, 1239, 'A'),
(80, 801, 1240, 'A'),
(80, 803, 1241, 'A'),
(80, 796, 1242, 'A'),
(81, 708, 1243, 'S'),
(81, 805, 1244, 'A'),
(81, 806, 1245, 'A'),
(81, 807, 1246, 'A'),
(81, 808, 1247, 'A'),
(81, 809, 1248, 'A'),
(81, 810, 1249, 'A'),
(81, 811, 1250, 'A'),
(81, 812, 1251, 'A'),
(82, 685, 1252, 'A'),
(82, 815, 1253, 'A'),
(82, 816, 1254, 'A'),
(82, 817, 1255, 'A'),
(82, 818, 1256, 'A'),
(82, 819, 1257, 'A'),
(82, 820, 1258, 'A'),
(82, 821, 1259, 'A'),
(82, 822, 1260, 'A'),
(82, 823, 1261, 'A'),
(82, 824, 1262, 'A'),
(82, 825, 1263, 'A'),
(82, 826, 1264, 'A'),
(82, 827, 1265, 'A'),
(82, 828, 1266, 'A'),
(82, 829, 1267, 'A'),
(82, 830, 1268, 'A'),
(83, 685, 1269, 'A'),
(83, 794, 1270, 'A'),
(83, 733, 1271, 'A'),
(83, 834, 1272, 'A'),
(83, 833, 1273, 'A'),
(83, 832, 1274, 'A'),
(83, 831, 1275, 'A'),
(83, 835, 1276, 'A'),
(84, 543, 1277, 'A'),
(84, 836, 1278, 'A'),
(84, 839, 1279, 'A'),
(84, 838, 1280, 'A'),
(84, 837, 1281, 'S'),
(84, 840, 1282, 'A'),
(84, 544, 1283, 'A'),
(84, 841, 1284, 'A'),
(84, 842, 1285, 'A'),
(85, 846, 1286, 'A'),
(85, 847, 1287, 'A'),
(85, 844, 1288, 'A'),
(85, 845, 1289, 'A'),
(86, 850, 1290, 'A'),
(86, 851, 1291, 'A'),
(86, 852, 1292, 'A'),
(86, 853, 1293, 'A'),
(87, 544, 1294, 'A'),
(87, 855, 1295, 'A'),
(87, 856, 1296, 'A'),
(87, 857, 1297, 'A'),
(87, 858, 1298, 'S'),
(87, 861, 1299, 'S'),
(87, 859, 1300, 'A'),
(87, 860, 1301, 'A'),
(87, 862, 1302, 'A'),
(87, 863, 1303, 'A'),
(87, 864, 1304, 'A'),
(87, 865, 1305, 'A');

-- --------------------------------------------------------

--
-- Sukurta duomenų struktūra lentelei `posts`
--

CREATE TABLE IF NOT EXISTS `posts` (
  `id` int(11) unsigned NOT NULL auto_increment,
  `title` varchar(50) character set latin1 default NULL,
  `body` text character set latin1,
  `created` datetime default NULL,
  `modified` datetime default NULL,
  `user_id` int(11) unsigned default NULL,
  `thread_id` int(11) unsigned default NULL,
  PRIMARY KEY  (`id`),
  KEY `user_id` (`user_id`),
  KEY `thread_id` (`thread_id`)
) ENGINE=InnoDB  DEFAULT CHARSET=utf8 AUTO_INCREMENT=122 ;

--
-- Sukurta duomenų kopija lentelei `posts`
--

INSERT INTO `posts` (`id`, `title`, `body`, `created`, `modified`, `user_id`, `thread_id`) VALUES
(17, NULL, 'Graziai :P Grazus shriftas ir dizainas unikalus ;)', '2008-09-21 02:24:41', '2008-09-21 02:24:41', 1754, 9),
(18, NULL, 'nu va Å¡tai ir atÄ—jo ta diena...', '2008-10-15 23:36:41', '2008-10-15 23:36:41', 1682, 10),
(20, NULL, 'Viskas ore :D', '2008-10-19 11:44:13', '2008-10-19 11:44:13', 1709, 9),
(21, NULL, 'Na iÅ¡ apraÅ¡ymo tai supratau kad jis ne kÄ… daugiau padaro nei zblock''as ?', '2008-10-21 22:15:17', '2008-10-21 22:15:17', 1682, 16),
(22, NULL, 'Patikek daugiau daro nei zblokas\r\nzblokas sudas pagal ji', '2008-10-25 20:51:49', '2008-10-25 20:51:49', 1910, 16),
(23, NULL, 'pvz ?', '2008-10-26 20:07:40', '2008-10-26 20:07:40', 1, 16),
(24, NULL, 'Sveikas,e tai kur man eit?sakyk ip kur lost?', '2008-10-27 18:02:38', '2008-10-27 18:02:38', 2168, 15),
(25, NULL, 'tai b*** kur eit man?ka daryt?ten su tuo mircu s,CESNA', '2008-10-27 18:04:49', '2008-10-27 18:04:49', 2168, 15),
(26, NULL, '<SkEriuX> pagal kokius kriterijus rinkot komandas i #cl08 ???\r\n<SkEriuX> pries No.Authority kuriuos atrinkot laimim be vargo\r\n<SkEriuX> per paskutinius 19 cm tik 1 tepralosem\r\n<SkEriuX> klanas nuo 2003\r\n<SkEriuX> LAN\r\n<SkEriuX> losiam kasdien cm\r\n<SkEriuX> jauniausias narys 18m\r\n<SkEriuX> pinigu turim nors ir studentai\r\n<SkEriuX> ir t.t.\r\n<SkEriuX> as niekaip nesuprantu pagal kokias simpatijas tu cia atrinkai tymus?\r\n<SkEriuX> iki pusfinalio butume laisvai nueja', '2008-11-24 21:27:01', '2008-11-24 21:27:01', 2254, 19),
(27, NULL, 'Jau cia adminai sprendzia...', '2008-11-28 10:03:34', '2008-11-28 10:03:34', 1771, 19),
(28, NULL, 'Kaip ir visur kad butu 2 minusu sistema. Ir 8 komandos. Cia sakau apie LAN trn :)', '2008-12-04 08:43:09', '2008-12-04 08:43:09', 2300, 15),
(29, NULL, 'CL08 Naujas gaming klaniukas. Manau gali daug ka pasiekti:P', '2008-12-04 09:04:06', '2008-12-04 09:04:06', 2300, 19),
(30, NULL, ':]', '2008-12-04 09:05:46', '2008-12-04 09:05:46', 2300, 21),
(31, NULL, 'Puikus servai :)', '2008-12-10 15:53:19', '2008-12-10 15:53:19', 2312, 22),
(40, NULL, '      Rasome nusiskundimus su logais,aiskiai tvarkingai <br />\r\n                                 PVZ:.<br />\r\nSveiki noreciau jus informuoti apie labai prasta admina "Sm-" matau kad naujas adminas. Gth ne kokie vis +1 ir +1 nu bet cia nieko ... Na stai jis mane aidino viskas lyg ir ok bet jam nepatiko mano zaidimas jis pradejo aiskinti kur as ginu ir t.t Sakau gerai.Tada as nespejau atbekti i jo pasakyta vieta ir kita rounda ziuriu kad gavau KICK . Parasau jam i privata mirc''e :<br />\r\n(axe`) >Sm<br />\r\n(axe`) > ?<br />\r\n(axe`) > kicked<br />\r\n(axe`) > ?<br />\r\n(sm-) > banned duxas<br />\r\n(sm-) > ignore<br />\r\n<br />\r\nKaip tai suprasti !!! Paskui dar gavau bana kanale VISAM LAIKUI<br />\r\nKaip tai suprasti ??!<br />\r\nTai va... Just AxE<br />\r\n', '2009-01-14 13:46:48', '2009-01-14 13:46:48', 2315, 23),
(43, NULL, 'ÄŒia raÅ¡ome jei norime gauti SLOT arba userÄ¯.<br />\r\n1. Vardas Ernestas nick: FlixTeR<br />\r\n2. Metai 19<br />\r\n3. El paÅ¡tas hitmanwise@gmail.com<br />\r\n4.Ar turi steam Taip. STEAM_0:0:18419429 Jei galit pridekit ir Slota, nes budamas admino neturejau :/<br />\r\n5.Steam bÅ«tinas<br />\r\n<br />\r\nTurejau neseniai admin lvl, bet dabar pastebejau, kad<br />\r\njo jau nera tai vel rasau anketa :)', '2009-01-18 13:53:46', '2009-01-18 13:53:46', 2337, 14),
(57, NULL, 'Non steamed? ;] Su Steamed only trn bus?', '2009-01-31 23:27:29', '2009-01-31 23:27:29', 2367, 10),
(70, NULL, 'vapsie naudokit custodias ir nepacytinsit :))', '2009-02-18 22:03:11', '2009-02-18 22:03:11', 2386, 16),
(71, NULL, 'ir i ka tu mainai?', '2009-02-18 22:10:12', '2009-02-18 22:10:12', 2386, 21),
(72, NULL, 'cia minimum pries metus jau losiau jy..', '2009-02-18 22:11:26', '2009-02-18 22:11:26', 2386, 17),
(73, NULL, 'NO-LAG :) bent seniau budavo. dabar nemeginau :}', '2009-02-18 22:12:28', '2009-02-18 22:12:28', 2386, 22),
(74, NULL, 'Pildom tolau ,logai buvo istrinti ', '2009-02-19 03:01:25', '2009-02-19 03:01:25', 2315, 23),
(75, NULL, 'Sweiki, noriu informoti apie admin duFF` as matau kad jis daug suka gth bet kartais pastebiu kad jis neziuri rank ir jo gth visada beveik ne iki galo bet Avatar to nemato. As parasiau .add su rank iki gg manes neuzadino o kas buvo be rank ir nematyti paeme ir uzadino tai kaip man reaguoti pasakiau jam i prvt kad ko manes neadini jis paeme ir man .ban 1 diena (uz taip sakant izeidinejima)<br />\r\nDison ', '2009-02-19 16:49:48', '2009-02-19 16:49:48', 2388, 23),
(76, NULL, 'Adminas turi teise deti tai ka jis nori,tai kas jam atrodo yra matytas geras zaidejas', '2009-02-19 20:32:59', '2009-02-19 20:32:59', 2315, 23),
(86, NULL, '1. Eugenijus nick: geths<br />\r\n2. 17<br />\r\n3. hunty@inbox.ru<br />\r\n4. Turiu  STEAM_0:1:19829525 <br />\r\n5.Steam bÅ«tinas', '2009-03-17 18:37:40', '2009-03-17 18:37:40', 2392, 14),
(87, NULL, 'no lag ;]', '2009-03-17 18:38:21', '2009-03-17 18:38:21', 2392, 22),
(88, NULL, 'AvaTaR daryk savo skygames.cs tvarka buvau uzbanintas ir ismestas is servo  admin :Saladin31. Lb yra pasikeles ozys kuris galvojas yra geriausias is visu zek <br />\r\n21:34:11 4<@Saladin314> .addbl Dison 5 pailsek<br />\r\n0,14,1T0,1ave 4,1p0,1aminejo 4,1k0,1anale: 7 #skygames.cs 0,1, 4,1n0,1ick''as: 7 Saladin31 0,1 , 4,1l0,1aikas: 21:34:11 , 4,1t0,1extas: .addbl Dison 5 pailsek<br />\r\n21:34:11 <UltimateBot> .ran<br />\r\n21:34:12 9<Dison9> KICKED<br />\r\n21:34:12 * mC` cm 2x2 off . . .<br />\r\n21:34:13 9<Dison9> from<br />\r\n21:34:13 * ApuZ 3x3 off non :D:D<br />\r\n21:34:15 9<Dison9> gather :LDDD<br />\r\n21:34:15 4<@Saladin314> !kb Dison<br />\r\n0,14,1T0,1ave 4,1p0,1aminejo 4,1k0,1anale: 7 #skygames.cs 0,1, 4,1n0,1ick''as: 7 Saladin31 0,1 , 4,1l0,1aikas: 21:34:15 , 4,1t0,1extas: !kb Dison<br />\r\nnormalei ane ? :D uz nieka ', '2009-03-17 21:37:26', '2009-03-17 21:37:26', 2388, 23),
(89, NULL, '[21:40:23] [@sty]: !kb esami` 200000 pff', '2009-03-17 21:47:05', '2009-03-17 21:47:05', 2408, 23),
(90, NULL, 'krc kokius cia adminus prieme, pvz sty... :D net juokas neima kai nesamones daro :) krc klausiau avatar kiek i diena minum sukt, nesakiai, butum sakes, buciau vygdes, seniau visi adminai mldc buvo, dabar duxu priejo...', '2009-03-18 21:52:58', '2009-03-18 21:52:58', 2411, 23),
(91, NULL, 'pvz adminas dimqua, net nemoka padaryt map:lock :D:D:D pats votina :D tokias tragedijas salint :D:D:D', '2009-03-18 21:56:48', '2009-03-18 21:56:48', 2411, 23),
(95, NULL, 'Zesim ,bandysim ispresti,Aciu ir tolau pildykite skundu foruma', '2009-03-20 07:09:23', '2009-03-20 07:09:23', 2315, 23),
(98, NULL, '10:23:04 4<@Saladin314> su Dison nelosiu :)<br />\r\n0,14,1T0,1ave 4,1p0,1aminejo 4,1k0,1anale: 7 #skygames.cs 0,1, 4,1n0,1ick''as: 7 Saladin31 0,1 , 4,1l0,1aikas: 10:23:04 , 4,1t0,1extas: su Dison nelosiu :)<br />\r\n10:23:04 * Joins: aa (~funt4ever@B727AD11.60A0ED8A.5790908E.IP)<br />\r\n10:23:07 <geft> Gatheris kanale POD! +8! Jungia visus<br />\r\n10:23:10 * Joins: [vodka] (iso@aitvaras-7EFC2C17.irc.lt)<br />\r\n10:23:10 * savas sets mode: +o [vodka]<br />\r\n10:23:10 * geft was kicked by savas (Requested (pHenoM))<br />\r\n10:23:10 4<@pHenoM4> !k geft<br />\r\n10:23:10 9<Dison9> jis manes bijo<br />\r\n10:23:11 <sH`> .rem dison<br />\r\n0,14,1T0,1ave 4,1p0,1aminejo 4,1k0,1anale: 7 #skygames.cs 0,1, 4,1n0,1ick''as: 7 sH` 0,1 , 4,1l0,1aikas: 10:23:11 , 4,1t0,1extas: .rem dison<br />\r\n10:23:12 * PrOtEc` Steamed Gth ..::: ProSport-cs :::.. !!! +6 <> RImti <> NO-LaG <> IKI GG !!!!<br />\r\n10:23:13 9<Dison9> nes as killed ;]<br />\r\n10:23:15 <Dooffy`> ziaurus Saladin31 :D<br />\r\n10:23:17 4<@Saladin314> nes tu duhas<br />\r\n10:23:23 9<Dison9> salandin31<br />\r\n10:23:24 * Joins: cident (cident@aitvaras-7E78C838.static.zebra.lt)<br />\r\n10:23:24 4<@Saladin314> gavai bana<br />\r\n10:23:26 4<@Saladin314> apsiverkei<br />\r\n10:23:27 <sH`> adinkis tik<br />\r\n10:23:29 9<Dison9> sau gali ban det uz varyma ?<br />\r\n10:23:30 4<@Saladin314> ir avatarui ir niviziotui<br />\r\n10:23:30 <ferN> .add<br />\r\n10:23:31 <sH`> bijai skila parodyt?<br />\r\n10:23:32 4<@Saladin314> verksnys esi<br />\r\n10:23:33 4<@Saladin314> !kb Dison<br />\r\n0,14,1T0,1ave 4,1p0,1aminejo 4,1k0,1anale: 7 #skygames.cs 0,1, 4,1n0,1ick''as: 7 Saladin31 0,1 , 4,1l0,1aikas: 10:23:33 , 4,1t0,1extas: !kb Dison<br />\r\n10:23:33 * savas sets mode: +b *!*@aitvaras-A9D227ED.cgates.lt<br />\r\nNeturiu ko cia pridurt AvaTaR blt pagaliau daryt tu su juo tvarka man jau zajibala cia rasinet noriu lost gth o kazkox gaidys man trugdo ...', '2009-04-07 10:28:23', '2009-04-07 10:28:23', 2388, 23),
(99, NULL, 'nk nesuprantu :D', '2009-04-20 11:48:09', '2009-04-20 11:48:09', 2447, 33),
(100, NULL, 'UÅ¾jauÄiu :)', '2009-04-20 13:48:25', '2009-04-20 13:48:25', 1682, 33),
(101, NULL, 'pritariu keen', '2009-04-20 15:45:31', '2009-04-20 15:45:31', 1771, 33),
(102, NULL, 'Kai pastatai uz komanda, gali paziuret ir kitu zmoniu statymus (bet tik paskutinius 5 statymus), galetumet padaryt kad butu galima matyt visus statymus o ne 5 paskutinius', '2009-04-20 16:51:31', '2009-04-20 16:51:31', 2460, 33),
(103, NULL, 'tai issprendzia tavo statymo atsiemima jei blogai pastatei pastatai ta pacia suma ant kitos komandos', '2009-04-20 17:41:42', '2009-04-20 17:41:42', 1682, 34),
(104, NULL, 'Taip, tobulinsim dar sita gal ir padarysim.', '2009-04-20 18:05:43', '2009-04-20 18:05:43', 1682, 35),
(105, NULL, 'gl', '2009-04-20 21:41:14', '2009-04-20 21:41:14', 2463, 35),
(106, NULL, '?', '2009-04-21 08:15:53', '2009-04-21 08:15:53', 1926, 18),
(107, NULL, 'Nu nu :))) ir ant custodios yra uztenka parasyt custodia cheats ar panasiai', '2009-04-22 20:08:24', '2009-04-22 20:08:24', 2530, 27),
(108, NULL, 'Kad jokiuose TRIOBET BWIN BETWAY BET365 ar dar kur tokiu funkciju nera pagalvokit gerai tada statykit sakyciau ;]', '2009-04-27 22:38:55', '2009-04-27 22:38:55', 2006, 35),
(109, NULL, '#Mafiozi.lt', '2009-04-28 11:34:10', '2009-04-28 11:34:10', 2447, 36),
(110, NULL, 'exe failai = virusas', '2009-05-05 21:51:53', '2009-05-05 21:51:53', 2577, 28),
(111, NULL, 'ciulpk bybi :]\\', '2009-05-07 08:25:38', '2009-05-07 08:25:38', 2524, 36),
(112, NULL, 'only hs steamed config ;DDDDDDDD', '2009-05-14 02:20:45', '2009-05-14 02:20:45', 2488, 28),
(113, NULL, ':D', '2009-06-07 11:04:58', '2009-06-07 11:04:58', 2589, 36),
(114, NULL, 'nu krc buwo gatheris jy suko adminas gheetns prasidejo gth ir 2 afk... paskui wisi isleavino ir kiti pasake kad nebuwo afk ir ou were kicked from #skygames.cs by savas (nu i smuk nx afk pasedek)', '2009-06-07 12:31:35', '2009-06-07 12:31:35', 2597, 23),
(115, NULL, 'kvieskit mane i mafija kas norit :) vilhelmas.tra@gmail.com', '2009-06-16 22:15:33', '2009-06-16 22:15:33', 2326, 36),
(116, NULL, 'P.S buvau teisus dauguma atveju dar ce nera koficientu galvoju greitai jum bus gg kaip ir visiem nerimtiem projektam', '2009-06-16 22:20:14', '2009-06-16 22:20:14', 2599, 37),
(117, NULL, 'mane irgi priimkit i mafija 1gintaras@one.lt', '2009-06-25 19:32:50', '2009-06-25 19:32:50', 2609, 36),
(118, NULL, 'As nesupratau ,  man nebeleidzia ieiti  i skygames.cs , mano irc Efkiukas', '2009-07-13 23:37:30', '2009-07-13 23:37:30', 2613, 23),
(119, NULL, 'mano7@inbox.lt      KVIESKIT', '2009-08-25 15:08:25', '2009-08-25 15:08:25', 2627, 36),
(120, NULL, 'Whas suko gatheri ir serve truko +3. Dar nebeda, imanoma rast jei kantrus, o eknd- nors ir budamas adminas, turetu rodyt pavyzdi, isejo is gather (nors dar nebuvo gg) ir paliko tokia zinute :<br />\r\n*DEAD* eknd- :  jei kas mane pakvieskit ateisiu<br />\r\n<br />\r\nKazkaip cia idomiai jis.', '2009-08-30 14:52:00', '2009-08-30 14:52:00', 2630, 23),
(121, NULL, 'senai cia nera tokiu kaip statymu :D', '2009-09-21 00:54:09', '2009-09-21 00:54:09', 1926, 37);

-- --------------------------------------------------------

--
-- Sukurta duomenų struktūra lentelei `resultdemos`
--

CREATE TABLE IF NOT EXISTS `resultdemos` (
  `id` int(11) NOT NULL auto_increment,
  `title` varchar(45) collate utf8_unicode_ci default NULL,
  `desc` varchar(45) collate utf8_unicode_ci default NULL,
  `url` varchar(45) collate utf8_unicode_ci default NULL,
  `result_id` int(11) default NULL,
  PRIMARY KEY  (`id`),
  KEY `fk_resultdemos_results` (`result_id`)
) ENGINE=InnoDB DEFAULT CHARSET=utf8 COLLATE=utf8_unicode_ci AUTO_INCREMENT=1 ;

--
-- Sukurta duomenų kopija lentelei `resultdemos`
--


-- --------------------------------------------------------

--
-- Sukurta duomenų struktūra lentelei `resultpictures`
--

CREATE TABLE IF NOT EXISTS `resultpictures` (
  `id` int(11) NOT NULL auto_increment,
  `title` varchar(45) collate utf8_unicode_ci default NULL,
  `desc` text collate utf8_unicode_ci,
  `url` varchar(45) collate utf8_unicode_ci default NULL,
  `result_id` int(11) default NULL,
  PRIMARY KEY  (`id`),
  KEY `fk_resultpictures_results` (`result_id`)
) ENGINE=InnoDB DEFAULT CHARSET=utf8 COLLATE=utf8_unicode_ci AUTO_INCREMENT=1 ;

--
-- Sukurta duomenų kopija lentelei `resultpictures`
--


-- --------------------------------------------------------

--
-- Sukurta duomenų struktūra lentelei `results`
--

CREATE TABLE IF NOT EXISTS `results` (
  `id` int(11) NOT NULL auto_increment,
  `team1_score` int(11) default NULL,
  `team2_score` int(11) default NULL,
  `matchpart_id` int(11) default NULL,
  `match_id` int(10) unsigned default NULL,
  `map_id` int(11) default NULL,
  `created` datetime default NULL,
  PRIMARY KEY  (`id`),
  KEY `fk_results_matchparts` (`matchpart_id`),
  KEY `fk_results_matches` (`match_id`),
  KEY `fk_results_maps` (`map_id`)
) ENGINE=InnoDB  DEFAULT CHARSET=utf8 COLLATE=utf8_unicode_ci AVG_ROW_LENGTH=1489 AUTO_INCREMENT=424 ;

--
-- Sukurta duomenų kopija lentelei `results`
--

INSERT INTO `results` (`id`, `team1_score`, `team2_score`, `matchpart_id`, `match_id`, `map_id`, `created`) VALUES
(141, 8, 16, 1, 159, 2, NULL),
(142, 0, 1, 1, 160, 2, NULL),
(143, 5, 16, 1, 161, 2, NULL),
(147, 0, 1, 1, 179, 10, NULL),
(148, 16, 12, 1, 180, 10, NULL),
(149, 0, 1, 1, 181, 10, NULL),
(150, 0, 1, 1, 182, 10, NULL),
(151, 16, 11, 1, 183, 10, NULL),
(152, 16, 10, 1, 184, 10, NULL),
(153, 16, 7, 1, 186, 10, NULL),
(154, 3, 16, 1, 185, 10, NULL),
(155, 1, 0, 1, 187, 10, NULL),
(156, 9, 16, 1, 189, 10, NULL),
(157, 16, 12, 1, 188, 10, NULL),
(158, 1, 0, 1, 190, 10, NULL),
(159, 0, 1, 1, 191, 10, NULL),
(160, 13, 16, 1, 192, 10, NULL),
(161, 0, 1, 1, 194, 10, NULL),
(162, 1, 0, 1, 193, 10, NULL),
(163, 16, 11, 1, 198, 10, NULL),
(164, 4, 16, 1, 197, 10, NULL),
(165, 0, 1, 1, 196, 10, NULL),
(166, 16, 14, 1, 195, 10, NULL),
(167, 16, 5, 1, 202, 10, NULL),
(168, 0, 1, 1, 201, 10, NULL),
(169, 0, 1, 1, 199, 10, NULL),
(170, 1, 0, 1, 200, 10, NULL),
(173, 16, 1, 1, 204, 10, NULL),
(174, 16, 9, 1, 203, 10, NULL),
(175, 0, 1, 1, 209, 2, NULL),
(179, 5, 16, 1, 205, 10, NULL),
(180, 6, 16, 1, 206, 10, NULL),
(181, 4, 16, 1, 215, 10, NULL),
(183, 9, 16, 1, 214, 10, NULL),
(184, 4, 16, 1, 221, 8, NULL),
(185, 0, 16, 1, 224, 2, NULL),
(186, 16, 4, 1, 217, 2, NULL),
(187, 1, 0, 1, 218, 2, NULL),
(188, 16, 12, 1, 219, 2, NULL),
(189, 0, 16, 1, 223, 2, NULL),
(190, 16, 1, 1, 220, 5, NULL),
(191, 16, 3, 1, 222, 2, NULL),
(192, 16, 5, 1, 225, 2, NULL),
(193, 0, 1, 1, 232, 10, NULL),
(194, 0, 1, 1, 229, 2, NULL),
(195, 16, 6, 1, 231, 2, NULL),
(196, 1, 16, 1, 228, 5, NULL),
(197, 16, 3, 1, 230, 5, NULL),
(198, 10, 16, 1, 226, 5, NULL),
(199, 9, 16, 1, 227, 8, NULL),
(200, 16, 14, 1, 233, 2, NULL),
(201, 0, 1, 1, 238, 1, NULL),
(202, 16, 3, 1, 237, 8, NULL),
(203, 16, 5, 1, 236, 2, NULL),
(204, 16, 3, 1, 234, 5, NULL),
(205, 0, 1, 1, 235, 6, NULL),
(206, 7, 16, 1, 240, 9, NULL),
(207, 16, 6, 1, 239, 5, NULL),
(208, 16, 8, 1, 241, 2, NULL),
(209, 0, 1, 1, 242, 2, NULL),
(210, 1, 0, 1, 243, 2, NULL),
(211, 9, 16, 1, 244, 5, NULL),
(212, 16, 12, 1, 245, 8, NULL),
(218, 13, 16, 1, 246, 2, NULL),
(219, 16, 10, 1, 216, 10, NULL),
(222, 13, 8, 1, 265, 11, NULL),
(230, 12, 12, 1, 267, 11, NULL),
(233, 0, 24, 1, 263, 11, NULL),
(234, 0, 24, 1, 264, 11, NULL),
(235, 0, 24, 1, 271, 11, NULL),
(238, 17, 6, 1, 284, 11, NULL),
(239, 6, 13, 1, 266, 11, NULL),
(240, 6, 13, 1, 268, 11, NULL),
(241, 1, 0, 1, 285, 11, NULL),
(242, 1, 0, 1, 286, 11, NULL),
(243, 1, 0, 1, 287, 1, NULL),
(246, 12, 12, 1, 269, 11, NULL),
(247, 13, 11, 1, 290, 11, NULL),
(248, 13, 6, 1, 291, 11, NULL),
(264, 13, 6, 1, 313, 11, '2009-04-20 17:01:36'),
(265, 2, 0, 1, 292, 11, '2009-04-20 20:27:51'),
(266, 1, 0, 1, 294, 12, '2009-04-20 20:48:04'),
(267, 16, 14, 1, 315, 2, '2009-04-20 22:42:35'),
(268, 16, 14, 1, 319, 10, '2009-04-21 00:03:56'),
(269, 7, 16, 1, 320, 10, '2009-04-21 00:08:18'),
(270, 16, 7, 1, 322, 10, '2009-04-21 00:12:15'),
(271, 16, 13, 1, 321, 1, '2009-04-21 00:12:46'),
(272, 14, 16, 1, 323, 10, '2009-04-21 00:34:38'),
(273, 16, 7, 1, 324, 1, '2009-04-21 00:39:17'),
(274, 16, 7, 1, 325, 10, '2009-04-21 00:52:40'),
(280, 1, 2, 1, 293, 11, '2009-04-21 21:01:37'),
(281, 16, 8, 4, 293, 1, '2009-04-21 21:01:52'),
(282, 11, 16, 5, 293, 1, '2009-04-21 21:01:59'),
(283, 4, 16, 6, 293, 1, '2009-04-21 21:02:06'),
(284, 16, 12, 1, 316, 6, '2009-04-21 21:18:21'),
(285, 8, 12, 1, 297, 11, '2009-04-22 23:41:14'),
(286, 2, 1, 1, 312, 11, '2009-04-22 23:56:33'),
(287, 0, 20, 1, 298, 11, '2009-04-23 14:07:32'),
(288, 10, 11, 1, 296, 11, '2009-04-23 14:07:52'),
(289, 4, 16, 1, 299, 11, '2009-04-23 14:08:15'),
(290, 0, 20, 1, 300, 11, '2009-04-23 14:08:35'),
(294, 15, 0, 1, 338, 2, '2009-04-23 16:24:42'),
(295, 16, 2, 1, 335, 2, '2009-04-23 16:38:53'),
(296, 16, 12, 1, 337, 2, '2009-04-23 16:56:33'),
(297, 0, 1, 1, 336, 2, '2009-04-23 17:11:31'),
(298, 16, 0, 1, 341, 6, '2009-04-23 17:45:25'),
(299, 1, 0, 1, 340, 6, '2009-04-23 18:08:51'),
(300, 16, 14, 1, 342, 5, '2009-04-23 19:06:24'),
(301, 2, 0, 1, 332, 11, '2009-04-25 11:32:32'),
(302, 0, 2, 1, 333, 11, '2009-04-25 11:33:01'),
(303, 1, 2, 1, 310, 11, '2009-04-27 15:24:03'),
(304, 2, 0, 1, 343, 10, '2009-04-27 23:04:17'),
(305, 0, 2, 1, 344, 12, '2009-04-27 23:04:36'),
(306, 16, 8, 1, 317, 11, '2009-04-30 22:17:49'),
(307, 18, 12, 1, 318, 12, '2009-05-05 21:48:12'),
(308, 9, 16, 1, 345, 11, '2009-05-14 23:44:57'),
(309, 16, 0, 1, 393, 11, '2009-05-20 15:24:47'),
(310, 16, 8, 1, 388, 12, '2009-05-20 15:26:04'),
(311, 16, 10, 1, 387, 12, '2009-05-20 22:56:49'),
(313, 16, 0, 1, 395, 9, '2009-05-24 11:59:57'),
(348, 16, 12, 1, 424, 1, '2009-06-04 19:49:37'),
(349, 8, 16, 1, 425, 1, '2009-06-04 19:50:05'),
(350, 16, 19, 1, 426, 1, '2009-06-04 19:50:30'),
(351, 16, 5, 1, 431, 1, '2009-06-04 19:52:07'),
(352, 16, 1, 1, 430, 1, '2009-06-04 19:52:28'),
(353, 16, 10, 1, 428, 1, '2009-06-04 19:52:51'),
(354, 10, 16, 1, 429, 1, '2009-06-04 19:54:00'),
(355, 23, 25, 1, 432, 1, '2009-06-04 19:59:07'),
(356, 20, 18, 1, 433, 1, '2009-06-04 20:30:03'),
(357, 8, 16, 1, 434, 1, '2009-06-04 20:30:29'),
(358, 16, 14, 1, 435, 1, '2009-06-04 20:30:54'),
(359, 16, 1, 1, 438, 1, '2009-06-04 20:33:28'),
(360, 7, 16, 1, 436, 1, '2009-06-04 20:38:13'),
(361, 1, 0, 1, 441, 1, '2009-06-04 20:56:40'),
(362, 0, 1, 1, 442, 1, '2009-06-04 20:57:00'),
(363, 1, 0, 1, 443, 1, '2009-06-04 20:57:26'),
(364, 0, 1, 1, 444, 1, '2009-06-04 20:57:40'),
(365, 1, 0, 1, 445, 1, '2009-06-04 20:57:57'),
(366, 1, 0, 1, 446, 1, '2009-06-04 20:58:12'),
(367, 1, 0, 1, 447, 1, '2009-06-04 20:58:23'),
(368, 1, 0, 1, 448, 1, '2009-06-04 20:59:05'),
(369, 1, 0, 1, 449, 1, '2009-06-04 20:59:26'),
(370, 0, 1, 1, 450, 1, '2009-06-04 21:00:01'),
(371, 0, 1, 1, 451, 1, '2009-06-04 21:00:21'),
(372, 1, 0, 1, 452, 1, '2009-06-04 21:00:46'),
(373, 1, 0, 1, 453, 1, '2009-06-04 21:01:25'),
(374, 0, 1, 1, 454, 1, '2009-06-04 21:01:41'),
(375, 0, 1, 1, 455, 1, '2009-06-04 21:01:57'),
(376, 1, 0, 1, 456, 1, '2009-06-04 21:02:12'),
(377, 1, 0, 1, 457, 1, '2009-06-04 21:02:34'),
(378, 1, 0, 1, 458, 1, '2009-06-04 21:02:45'),
(379, 0, 1, 1, 459, 1, '2009-06-04 21:03:13'),
(380, 1, 0, 1, 460, 1, '2009-06-04 21:03:37'),
(381, 1, 0, 1, 461, 1, '2009-06-04 21:03:47'),
(382, 1, 0, 1, 462, 1, '2009-06-04 21:04:18'),
(383, 1, 0, 1, 463, 1, '2009-06-04 21:04:41'),
(384, 1, 0, 1, 464, 1, '2009-06-04 21:04:54'),
(385, 0, 1, 1, 465, 1, '2009-06-04 21:05:19'),
(386, 1, 0, 1, 466, 1, '2009-06-04 21:05:32'),
(387, 0, 1, 1, 467, 1, '2009-06-04 21:05:54'),
(388, 1, 0, 1, 468, 1, '2009-06-04 21:06:09'),
(389, 0, 1, 1, 469, 1, '2009-06-04 21:06:24'),
(390, 0, 1, 1, 470, 1, '2009-06-04 21:06:47'),
(391, 16, 9, 1, 439, 1, '2009-06-04 21:27:32'),
(392, 16, 7, 1, 440, 1, '2009-06-04 21:28:11'),
(393, 8, 16, 1, 471, 1, '2009-06-04 22:26:50'),
(394, 1, 0, 1, 472, 1, '2009-06-06 01:37:45'),
(395, 1, 0, 1, 473, 1, '2009-06-06 01:37:57'),
(396, 1, 0, 1, 474, 1, '2009-06-06 01:38:05'),
(397, 1, 0, 1, 475, 1, '2009-06-06 01:38:15'),
(398, 0, 1, 1, 476, 1, '2009-06-06 01:38:25'),
(399, 3, 16, 1, 389, 1, '2009-06-06 01:46:45'),
(400, 1, 1, 1, 390, 1, '2009-06-06 14:10:40'),
(401, 0, 1, 1, 391, 1, '2009-06-06 14:11:31'),
(402, 1, 0, 1, 392, 1, '2009-06-06 14:16:32'),
(403, 1, 0, 1, 394, 1, '2009-06-06 14:16:41'),
(404, 10, 6, 1, 477, 10, '2009-06-28 14:03:34'),
(405, 10, 5, 1, 478, 10, '2009-06-28 14:11:10'),
(406, 8, 10, 1, 479, 10, '2009-06-28 14:20:31'),
(407, 12, 16, 1, 480, 10, '2009-06-28 14:35:08'),
(408, 11, 13, 1, 481, 10, '2009-06-28 14:56:54'),
(409, 13, 11, 1, 482, 10, '2009-06-28 14:57:04'),
(410, 8, 10, 1, 483, 10, '2009-06-28 15:00:20'),
(411, 16, 10, 1, 484, 2, '2009-09-24 11:49:23'),
(412, 16, 5, 1, 485, 1, '2009-09-24 11:49:41'),
(413, 16, 9, 1, 486, 1, '2009-09-24 11:49:58'),
(414, 16, 14, 1, 487, 1, '2009-09-24 11:50:16'),
(415, 16, 12, 1, 488, 1, '2009-09-24 11:50:45'),
(416, 9, 16, 1, 489, 1, '2009-09-24 11:51:05'),
(417, 16, 9, 1, 490, 1, '2009-09-24 11:52:31'),
(418, 16, 10, 1, 491, 2, '2009-09-24 14:22:42'),
(419, 5, 16, 1, 492, 2, '2009-09-24 14:24:27'),
(420, 2, 16, 1, 493, 1, '2009-09-24 14:25:02'),
(421, 16, 14, 1, 494, 6, '2009-09-26 12:27:04'),
(422, 16, 4, 1, 495, 6, '2009-09-26 12:28:04'),
(423, 13, 16, 1, 496, 8, '2009-09-26 12:28:51');

-- --------------------------------------------------------

--
-- Sukurta duomenų struktūra lentelei `search_index`
--

CREATE TABLE IF NOT EXISTS `search_index` (
  `id` int(11) NOT NULL auto_increment,
  `association_key` int(11) NOT NULL,
  `model` varchar(128) character set utf8 collate utf8_unicode_ci NOT NULL,
  `data` longtext character set utf8 collate utf8_unicode_ci NOT NULL,
  `created` datetime NOT NULL,
  `modified` datetime NOT NULL,
  PRIMARY KEY  (`id`),
  KEY `association_key` (`association_key`,`model`),
  FULLTEXT KEY `data` (`data`)
) ENGINE=MyISAM DEFAULT CHARSET=utf8 AUTO_INCREMENT=1 ;

--
-- Sukurta duomenų kopija lentelei `search_index`
--


-- --------------------------------------------------------

--
-- Sukurta duomenų struktūra lentelei `servercomments`
--

CREATE TABLE IF NOT EXISTS `servercomments` (
  `id` int(11) unsigned NOT NULL auto_increment,
  `body` text character set utf8 collate utf8_unicode_ci,
  `created` datetime default NULL,
  `user_id` int(11) unsigned default NULL,
  `server_id` int(11) NOT NULL,
  `seqnumber` int(11) default NULL,
  PRIMARY KEY  (`id`),
  KEY `user_id` (`user_id`),
  KEY `server_id` (`server_id`)
) ENGINE=InnoDB  DEFAULT CHARSET=utf8 AUTO_INCREMENT=2 ;

--
-- Sukurta duomenų kopija lentelei `servercomments`
--

INSERT INTO `servercomments` (`id`, `body`, `created`, `user_id`, `server_id`, `seqnumber`) VALUES
(1, 'Keda...', '2009-04-09 14:24:21', 1, 2, 1);

-- --------------------------------------------------------

--
-- Sukurta duomenų struktūra lentelei `servers`
--

CREATE TABLE IF NOT EXISTS `servers` (
  `id` int(11) NOT NULL auto_increment,
  `name` varchar(64) collate utf8_unicode_ci default NULL,
  `game_id` int(11) default NULL,
  `last_response` date default NULL,
  `created` date default NULL,
  `ip` varchar(15) collate utf8_unicode_ci default NULL,
  `port` int(11) default NULL,
  `cachetime` int(11) default NULL,
  PRIMARY KEY  (`id`)
) ENGINE=InnoDB  DEFAULT CHARSET=utf8 COLLATE=utf8_unicode_ci AUTO_INCREMENT=25 ;

--
-- Sukurta duomenų kopija lentelei `servers`
--

INSERT INTO `servers` (`id`, `name`, `game_id`, `last_response`, `created`, `ip`, `port`, `cachetime`) VALUES
(1, 'Gelbeklt', 2, '2008-09-23', '2008-09-23', '87.247.75.91', 27015, 60),
(2, 'GERAS CSS LT Mega 64 slot (66 tickrate, www.css.lt)', 2, '2008-09-23', '2008-09-23', '217.147.32.181', 27015, 0),
(3, 'BR:CSS LT 24 slot (100 tickrate)', 2, '2008-09-23', '2008-09-23', '193.46.83.127', 27019, 0),
(4, 'Zombie Hell [Rpg | !Respawn | Fast-DL]', 2, '2008-09-23', '2008-09-23', '66.115.176.32', 27015, 0),
(5, '#aimzone @ 27023', 2, '2008-09-23', '2008-09-23', '84.240.20.100', 27023, 0),
(6, '87.247.77.174', 3, '2008-09-23', '2008-09-23', '87.247.77.174', 28960, 0),
(7, 'GERAS CSS LT DeathMatch (MyAC anticheat - MyAC.css.lt)', 2, '2009-04-09', '2009-04-09', '217.147.32.181', 27018, NULL),
(8, 'CSS ELITE TR100 FPS_MAX 1000 || KiberZona.lt dalis', 2, '2009-04-09', '2009-04-09', '212.59.22.188', 27015, NULL),
(9, 'CSL.lt CS:Source S3Rv3R #1[FastDL]', 2, '2009-04-09', '2009-04-09', '87.247.99.106', 27015, NULL),
(10, 'Cs-Source.Xz.Lt Public Server 24/7 #1', 2, '2009-04-09', '2009-04-09', '78.56.136.65', 27015, NULL),
(11, 'Lietuvos Zombynas [www.Zombynas.co.nr][24/7]', 2, '2009-04-09', '2009-04-09', '79.98.24.168', 27015, NULL),
(12, '[digital] clan Public server (digitalcl.kicks-ass.net:270', 2, '2009-04-09', '2009-04-09', '78.60.174.143', 27015, NULL),
(13, 'Balticum-Tv - CoD4 TDM v1.7 Serveris', 3, '2009-04-09', '2009-04-09', '212.59.18.14', 28960, NULL),
(14, 'SERVER NO HARDCORE', 3, '2009-04-09', '2009-04-09', '85.255.53.96', 28960, NULL),
(15, 'Balticum-Tv - CoD4 SEARCH & DESTROY v1.7 Serveris', 3, '2009-04-09', '2009-04-09', '212.59.18.25', 28960, NULL),
(16, 'Kiberzona COD4 ProMOD DM server', 3, '2009-04-09', '2009-04-09', '212.59.22.188', 28960, NULL),
(17, '~Zombie Plague~ 24/7', 1, '2009-04-09', '2009-04-09', '79.98.27.234', 27015, NULL),
(18, 'CS GunGame ELITE MOD LT (www.mod.lt)', 1, '2009-04-09', '2009-04-09', '212.59.22.147', 27015, NULL),
(19, 'Dievu arena - mikrovisata.net', 1, '2009-04-09', '2009-04-09', '217.17.85.122', 27015, NULL),
(20, 'CS Zombie Plague EXTRA MOD LT (www.mod.lt)', 1, '2009-04-09', '2009-04-09', '212.59.22.143', 27015, NULL),
(21, 'CS Mega ELITE Gamers MOD LT || (www.mod.lt)', 1, '2009-04-09', '2009-04-09', '212.59.22.146', 27015, NULL),
(22, 'cs.Qlimax.lt || www.Qlimax.lt', 1, '2009-04-09', '2009-04-09', '84.240.35.16', 27015, NULL),
(23, 'Silnet CS 1.6', 1, '2009-04-09', '2009-04-09', '82.135.221.178', 27015, NULL),
(24, 'LaIkIuX-Surf [24/7] laikiux.lt', 1, '2009-04-09', '2009-04-09', '79.98.27.180', 27015, NULL);

-- --------------------------------------------------------

--
-- Sukurta duomenų struktūra lentelei `staffs`
--

CREATE TABLE IF NOT EXISTS `staffs` (
  `user_id` int(11) unsigned default NULL,
  `org_id` int(11) unsigned default NULL,
  `id` int(11) NOT NULL auto_increment,
  `status` enum('invited','member') character set utf8 collate utf8_unicode_ci NOT NULL,
  `position` enum('admin','headadmin') character set utf8 collate utf8_unicode_ci NOT NULL default 'admin',
  PRIMARY KEY  (`id`),
  KEY `org_id` (`org_id`),
  KEY `user_id` (`user_id`)
) ENGINE=InnoDB  DEFAULT CHARSET=utf8 AUTO_INCREMENT=37 ;

--
-- Sukurta duomenų kopija lentelei `staffs`
--

INSERT INTO `staffs` (`user_id`, `org_id`, `id`, `status`, `position`) VALUES
(1682, 1, 1, 'member', 'headadmin'),
(1682, 2, 2, 'member', 'headadmin'),
(1771, 1, 3, 'member', 'admin'),
(1682, 3, 6, 'member', 'headadmin'),
(1771, 3, 7, 'member', 'headadmin'),
(1799, 3, 8, 'member', 'headadmin'),
(1682, 4, 9, 'member', 'headadmin'),
(1682, 5, 10, 'member', 'headadmin'),
(1771, 5, 11, 'member', 'headadmin'),
(1771, 4, 12, 'member', 'headadmin'),
(1682, 6, 13, 'member', 'headadmin'),
(1682, 7, 16, 'member', 'headadmin'),
(2006, 7, 17, 'member', 'headadmin'),
(1682, 8, 18, 'member', 'headadmin'),
(1771, 8, 19, 'member', 'headadmin'),
(2315, 6, 20, 'member', 'headadmin'),
(1682, 9, 22, 'member', 'headadmin'),
(2536, 9, 28, 'member', 'admin'),
(2544, 9, 29, 'member', 'admin'),
(1806, 2, 30, 'invited', 'admin'),
(2565, 4, 31, 'member', 'headadmin'),
(2565, 8, 32, 'member', 'admin'),
(1682, 10, 33, 'member', 'headadmin'),
(1771, 10, 34, 'member', 'headadmin'),
(2565, 10, 35, 'member', 'admin'),
(2421, 6, 36, 'member', 'admin');

-- --------------------------------------------------------

--
-- Sukurta duomenų struktūra lentelei `statistics`
--

CREATE TABLE IF NOT EXISTS `statistics` (
  `id` int(11) NOT NULL auto_increment,
  `team_id` int(11) unsigned default NULL,
  `matches` int(11) default NULL,
  `maps` int(11) default NULL,
  `won` int(11) default NULL,
  `lost` int(11) default NULL,
  `frags` int(11) default NULL,
  `deaths` int(11) default NULL,
  `events` int(11) default NULL,
  `created` datetime default NULL,
  PRIMARY KEY  (`id`),
  KEY `fk_statistics_teams` (`team_id`)
) ENGINE=InnoDB DEFAULT CHARSET=utf8 COLLATE=utf8_unicode_ci AUTO_INCREMENT=1 ;

--
-- Sukurta duomenų kopija lentelei `statistics`
--


-- --------------------------------------------------------

--
-- Sukurta duomenų struktūra lentelei `teamdetails`
--

CREATE TABLE IF NOT EXISTS `teamdetails` (
  `id` int(11) NOT NULL auto_increment,
  `website` varchar(40) character set utf8 collate utf8_unicode_ci default NULL,
  `irc` varchar(40) character set utf8 collate utf8_unicode_ci default NULL,
  `logo` varchar(20) character set utf8 collate utf8_unicode_ci default NULL,
  `country` int(11) default NULL,
  `team_id` int(11) unsigned NOT NULL,
  PRIMARY KEY  (`id`),
  KEY `FK_teamdetails` (`team_id`)
) ENGINE=InnoDB DEFAULT CHARSET=utf8 AUTO_INCREMENT=1 ;

--
-- Sukurta duomenų kopija lentelei `teamdetails`
--


-- --------------------------------------------------------

--
-- Sukurta duomenų struktūra lentelei `teamplayers`
--

CREATE TABLE IF NOT EXISTS `teamplayers` (
  `id` int(11) NOT NULL auto_increment,
  `name` varchar(45) collate utf8_unicode_ci default NULL,
  `mail` varchar(45) collate utf8_unicode_ci default NULL,
  `skype` varchar(45) collate utf8_unicode_ci default NULL,
  `uniqueid` int(11) default NULL,
  `team_id` int(10) unsigned default NULL,
  PRIMARY KEY  (`id`),
  KEY `fk_teamplayers_teams` (`team_id`),
  KEY `fk_t` (`uniqueid`)
) ENGINE=InnoDB  DEFAULT CHARSET=utf8 COLLATE=utf8_unicode_ci AUTO_INCREMENT=413 ;

--
-- Sukurta duomenų kopija lentelei `teamplayers`
--


-- --------------------------------------------------------

--
-- Sukurta duomenų struktūra lentelei `teams`
--

CREATE TABLE IF NOT EXISTS `teams` (
  `id` int(10) unsigned NOT NULL auto_increment,
  `name` varchar(50) collate utf8_unicode_ci default NULL,
  `user_id` int(10) unsigned default NULL,
  `tag` varchar(8) collate utf8_unicode_ci default NULL,
  `game_id` int(11) unsigned default NULL,
  `type` enum('mix','clan','solo','vip') collate utf8_unicode_ci default NULL,
  `created` datetime default NULL,
  `website` varchar(40) collate utf8_unicode_ci default NULL,
  `irc` varchar(40) collate utf8_unicode_ci default NULL,
  `logo_url` varchar(40) collate utf8_unicode_ci default NULL,
  `country_id` int(11) default NULL,
  PRIMARY KEY  (`id`),
  KEY `game_id` (`game_id`)
) ENGINE=InnoDB  DEFAULT CHARSET=utf8 COLLATE=utf8_unicode_ci AVG_ROW_LENGTH=1365 PACK_KEYS=0 AUTO_INCREMENT=866 ;

--
-- Sukurta duomenų kopija lentelei `teams`
--

-- --------------------------------------------------------

--
-- Sukurta duomenų struktūra lentelei `threadcats`
--

CREATE TABLE IF NOT EXISTS `threadcats` (
  `id` int(11) unsigned NOT NULL auto_increment,
  `name` varchar(20) collate utf8_unicode_ci default NULL,
  `game_id` int(11) unsigned default NULL,
  `lang_id` int(11) unsigned default NULL,
  `position` int(11) default NULL,
  PRIMARY KEY  (`id`),
  KEY `game_id` (`game_id`),
  KEY `lang_id` (`lang_id`)
) ENGINE=InnoDB  DEFAULT CHARSET=utf8 COLLATE=utf8_unicode_ci AUTO_INCREMENT=7 ;

--
-- Sukurta duomenų kopija lentelei `threadcats`
--

INSERT INTO `threadcats` (`id`, `name`, `game_id`, `lang_id`, `position`) VALUES
(1, 'Main', 1, 1, NULL),
(2, 'Events', 1, 1, NULL),
(3, 'Renginiai', 1, 2, NULL),
(4, 'Bendri dalykai', 3, 2, NULL),
(6, 'SkyGames.cs Gathers', 1, 2, NULL);

-- --------------------------------------------------------

--
-- Sukurta duomenų struktūra lentelei `threads`
--

CREATE TABLE IF NOT EXISTS `threads` (
  `id` int(11) unsigned NOT NULL auto_increment,
  `title` varchar(120) collate utf8_unicode_ci default NULL,
  `body` text collate utf8_unicode_ci,
  `created` datetime default NULL,
  `modified` datetime default NULL,
  `user_id` int(11) unsigned NOT NULL,
  `threadcat_id` int(11) unsigned NOT NULL,
  PRIMARY KEY  (`id`),
  KEY `user_id` (`user_id`),
  KEY `threadcat_id` (`threadcat_id`)
) ENGINE=InnoDB  DEFAULT CHARSET=utf8 COLLATE=utf8_unicode_ci AUTO_INCREMENT=38 ;

--
-- Sukurta duomenų kopija lentelei `threads`
--


-- --------------------------------------------------------

--
-- Sukurta duomenų struktūra lentelei `uniqueids`
--

CREATE TABLE IF NOT EXISTS `uniqueids` (
  `id` int(11) NOT NULL auto_increment,
  `user_id` int(11) unsigned default NULL,
  `game_id` int(11) unsigned default NULL,
  `value` char(50) collate utf8_unicode_ci default NULL,
  PRIMARY KEY  (`id`),
  KEY `user_id` (`user_id`),
  KEY `game_id` (`game_id`)
) ENGINE=InnoDB  DEFAULT CHARSET=utf8 COLLATE=utf8_unicode_ci AUTO_INCREMENT=6 ;

--
-- Sukurta duomenų kopija lentelei `uniqueids`
--

INSERT INTO `uniqueids` (`id`, `user_id`, `game_id`, `value`) VALUES
(4, 1771, 2, '0:1:13337522'),
(5, 2565, 1, 'STEAM_0:0:934');

-- --------------------------------------------------------

--
-- Sukurta duomenų struktūra lentelei `usercomments`
--

CREATE TABLE IF NOT EXISTS `usercomments` (
  `id` int(11) unsigned NOT NULL auto_increment,
  `body` text character set utf8 collate utf8_unicode_ci,
  `created` datetime default NULL,
  `user_id` int(11) unsigned default NULL,
  `guest_id` int(11) unsigned default NULL,
  `seqnumber` int(11) default NULL,
  PRIMARY KEY  (`id`),
  KEY `user_id` (`user_id`),
  KEY `parent_id` (`guest_id`)
) ENGINE=InnoDB DEFAULT CHARSET=utf8 AUTO_INCREMENT=1 ;

--
-- Sukurta duomenų kopija lentelei `usercomments`
--


-- --------------------------------------------------------

--
-- Sukurta duomenų struktūra lentelei `userdetails`
--

CREATE TABLE IF NOT EXISTS `userdetails` (
  `id` int(11) NOT NULL auto_increment,
  `hardw_mouse` varchar(32) character set utf8 collate utf8_unicode_ci default NULL,
  `hardw_mousepad` varchar(32) character set utf8 collate utf8_unicode_ci default NULL,
  `hardw_headset` varchar(32) character set utf8 collate utf8_unicode_ci default NULL,
  `hardw_graphcard` varchar(32) character set utf8 collate utf8_unicode_ci default NULL,
  `hardw_memory` varchar(32) character set utf8 collate utf8_unicode_ci default NULL,
  `hardw_cpu` varchar(32) character set utf8 collate utf8_unicode_ci default NULL,
  `hardw_monitor` varchar(32) character set utf8 collate utf8_unicode_ci default NULL,
  `fav_drink` varchar(32) character set utf8 collate utf8_unicode_ci default NULL,
  `fav_movie` varchar(32) character set utf8 collate utf8_unicode_ci default NULL,
  `fav_game` varchar(32) character set utf8 collate utf8_unicode_ci default NULL,
  `fav_music` varchar(96) character set utf8 collate utf8_unicode_ci default NULL,
  `fav_sport` varchar(32) character set utf8 collate utf8_unicode_ci default NULL,
  `fav_car` varchar(32) character set utf8 collate utf8_unicode_ci default NULL,
  `pers_country` varchar(2) character set utf8 collate utf8_unicode_ci default NULL,
  `pers_city` varchar(32) character set utf8 collate utf8_unicode_ci default NULL,
  `pers_age` int(11) default NULL,
  `user_id` int(11) NOT NULL,
  `pers_more` text character set utf8 collate utf8_unicode_ci,
  PRIMARY KEY  (`id`),
  KEY `NewIndex1` (`user_id`)
) ENGINE=InnoDB  DEFAULT CHARSET=utf8 AUTO_INCREMENT=4 ;

--
-- Sukurta duomenų kopija lentelei `userdetails`
--

INSERT INTO `userdetails` (`id`, `hardw_mouse`, `hardw_mousepad`, `hardw_headset`, `hardw_graphcard`, `hardw_memory`, `hardw_cpu`, `hardw_monitor`, `fav_drink`, `fav_movie`, `fav_game`, `fav_music`, `fav_sport`, `fav_car`, `pers_country`, `pers_city`, `pers_age`, `user_id`, `pers_more`) VALUES
(1, 'Logitech G3', 'Razer Mantis Speed', 'A4tech', 'gForce 8600GT', '2048 RAM', 'AMD x2 64bit 2.2 GHz', 'MAG 21colio Didelis', 'Vanduo', '', 'Counter-Strike:Source', 'Rock', 'Futbloas', 'Rover`iai', NULL, 'Marijampole', 16, 1771, ''),
(2, 'Logitech g5', 'Qck steel', 'Creative Fatal1ty', 'GeForce 6.6', '3gb', 'AMD athlon x64bit', 'SAMSUN SyncMaster 206BW', 'Spraitas', 'it''s.all.gone.pete.tong', 'Counter-Strike', '', 'Krepsinis , Futbolas', '', NULL, 'Siauliai', 16, 2565, 'Lan Events\r\n\r\nUPCOMMING\r\n09\\05\\09 Baitukas lan II (Siauliai, Lithuania) @ x\r\n\r\n09\\04\\11 Baitukas lan I (Siauliai, Lithuania) @ 2nd\r\n09\\02\\28 k1 (Plunge, Lithuania) @ 3rd\r\n09\\02\\21 ASUS QUAL (Ryga, Latvia) @ 17-24th\r\n08\\08\\23 k1 (Plunge, Lithuania) @ 5/6th\r\n08\\07\\26 ELIK (Ryga, Latvia) xx\r\n08\\02\\23 SCSL (Siauliai, Lithuania) @ 7/8th\r\n07\\02\\08 ZETA (Siauliai, Lithuania) @ 12-16th'),
(3, '', '', '', '', '', '', '', '', '', '', '', '', '', NULL, '', NULL, 2315, '');

-- --------------------------------------------------------

--
-- Sukurta duomenų struktūra lentelei `users`
--

CREATE TABLE IF NOT EXISTS `users` (
  `id` int(10) unsigned NOT NULL auto_increment,
  `points` bigint(20) default NULL,
  `username` varchar(10) character set latin1 NOT NULL,
  `passwd` varchar(32) character set latin1 NOT NULL,
  `name` varchar(10) character set latin1 NOT NULL,
  `email` varchar(100) character set latin1 NOT NULL,
  `last_visit` datetime NOT NULL default '0000-00-00 00:00:00',
  `group_id` int(10) unsigned NOT NULL default '0',
  `active` tinyint(1) unsigned NOT NULL default '0',
  `created` datetime NOT NULL default '0000-00-00 00:00:00',
  `modified` datetime NOT NULL default '0000-00-00 00:00:00',
  `skype` varchar(50) default NULL,
  `avatar_url` varchar(255) default NULL,
  PRIMARY KEY  (`id`),
  UNIQUE KEY `username` (`username`),
  UNIQUE KEY `email` (`email`,`username`),
  UNIQUE KEY `username_2` (`username`),
  KEY `group_id` (`group_id`)
) ENGINE=InnoDB  DEFAULT CHARSET=utf8 AUTO_INCREMENT=2641 ;

--
-- Sukurta duomenų kopija lentelei `users`
--

INSERT INTO `users` (`id`, `points`, `username`, `passwd`, `name`, `email`, `last_visit`, `group_id`, `active`, `created`, `modified`, `skype`, `avatar_url`) VALUES
(1, 1000, 'root', '47bce5c74f589f4867dbd57e9ca9f808', 'root', 'zzz@example.com', '2009-06-02 15:14:04', 1, 1, '0000-00-00 00:00:00', '2009-04-10 15:21:19', 'asdasd', '/img/uploads/avatars/01737_elemental_1280x10240.jpg'),
(1794, 1000, 'MekDrop', '57f417b438b12da673e661e998e5bb92', 'MekDrop', 'skygames@googlecode.com', '2009-11-15 16:16:15', 1, 1, '2008-02-24 22:02:27', '2009-11-15 16:15:56', '', NULL);

--
-- Apribojimai eksportuotom lentelėm
--

--
-- Apribojimai lentelei `awardbetts`
--
ALTER TABLE `awardbetts`
  ADD CONSTRAINT `FK_awardbetts` FOREIGN KEY (`user_id`) REFERENCES `users` (`id`);

--
-- Apribojimai lentelei `custcomments`
--
ALTER TABLE `custcomments`
  ADD CONSTRAINT `custcomments_fk` FOREIGN KEY (`user_id`) REFERENCES `users` (`id`) ON DELETE CASCADE ON UPDATE NO ACTION;

--
-- Apribojimai lentelei `events`
--
ALTER TABLE `events`
  ADD CONSTRAINT `events_fk` FOREIGN KEY (`user_id`) REFERENCES `users` (`id`) ON DELETE NO ACTION ON UPDATE NO ACTION,
  ADD CONSTRAINT `events_fk1` FOREIGN KEY (`org_id`) REFERENCES `orgs` (`id`) ON UPDATE NO ACTION,
  ADD CONSTRAINT `fk_Events_Event_types` FOREIGN KEY (`eventtype_id`) REFERENCES `eventtypes` (`id`) ON DELETE CASCADE ON UPDATE NO ACTION,
  ADD CONSTRAINT `fk_Events_Games` FOREIGN KEY (`game_id`) REFERENCES `games` (`id`) ON DELETE CASCADE ON UPDATE NO ACTION;

--
-- Apribojimai lentelei `gamewords`
--
ALTER TABLE `gamewords`
  ADD CONSTRAINT `fk_gamedict_games` FOREIGN KEY (`game_id`) REFERENCES `games` (`id`) ON DELETE CASCADE ON UPDATE NO ACTION,
  ADD CONSTRAINT `gamewords_fk` FOREIGN KEY (`lang_id`) REFERENCES `langs` (`id`) ON DELETE CASCADE ON UPDATE NO ACTION;

--
-- Apribojimai lentelei `grouptables`
--
ALTER TABLE `grouptables`
  ADD CONSTRAINT `grouptables_fk` FOREIGN KEY (`event_id`) REFERENCES `events` (`id`) ON DELETE NO ACTION ON UPDATE NO ACTION;

--
-- Apribojimai lentelei `infocats`
--
ALTER TABLE `infocats`
  ADD CONSTRAINT `infocats_fk` FOREIGN KEY (`game_id`) REFERENCES `games` (`id`) ON DELETE NO ACTION ON UPDATE NO ACTION;

--
-- Apribojimai lentelei `infocomments`
--
ALTER TABLE `infocomments`
  ADD CONSTRAINT `infocomments_fk` FOREIGN KEY (`user_id`) REFERENCES `users` (`id`) ON DELETE CASCADE ON UPDATE NO ACTION,
  ADD CONSTRAINT `infocomments_fk_info` FOREIGN KEY (`info_id`) REFERENCES `infos` (`id`) ON DELETE NO ACTION ON UPDATE CASCADE;

--
-- Apribojimai lentelei `infos`
--
ALTER TABLE `infos`
  ADD CONSTRAINT `infos_fk` FOREIGN KEY (`user_id`) REFERENCES `users` (`id`) ON DELETE CASCADE ON UPDATE NO ACTION,
  ADD CONSTRAINT `infos_fk1` FOREIGN KEY (`infocat_id`) REFERENCES `infocats` (`id`) ON DELETE CASCADE,
  ADD CONSTRAINT `infos_fk2` FOREIGN KEY (`lang_id`) REFERENCES `langs` (`id`) ON DELETE NO ACTION ON UPDATE NO ACTION,
  ADD CONSTRAINT `infos_fk3` FOREIGN KEY (`game_id`) REFERENCES `games` (`id`) ON DELETE NO ACTION ON UPDATE NO ACTION;

--
-- Apribojimai lentelei `maps`
--
ALTER TABLE `maps`
  ADD CONSTRAINT `maps_fk` FOREIGN KEY (`game_id`) REFERENCES `games` (`id`) ON DELETE NO ACTION ON UPDATE NO ACTION;

--
-- Apribojimai lentelei `matchcomments`
--
ALTER TABLE `matchcomments`
  ADD CONSTRAINT `matchcomments_fk` FOREIGN KEY (`user_id`) REFERENCES `users` (`id`) ON DELETE CASCADE ON UPDATE NO ACTION,
  ADD CONSTRAINT `matchcomments_fk_match` FOREIGN KEY (`match_id`) REFERENCES `matches` (`id`) ON DELETE NO ACTION ON UPDATE CASCADE;

--
-- Apribojimai lentelei `matches`
--
ALTER TABLE `matches`
  ADD CONSTRAINT `fk_Matches_Events` FOREIGN KEY (`event_id`) REFERENCES `events` (`id`) ON DELETE CASCADE ON UPDATE NO ACTION,
  ADD CONSTRAINT `fk_Matches_Teams` FOREIGN KEY (`team1_id`) REFERENCES `teams` (`id`) ON DELETE CASCADE ON UPDATE NO ACTION,
  ADD CONSTRAINT `fk_Matches_Teams1` FOREIGN KEY (`team2_id`) REFERENCES `teams` (`id`) ON DELETE CASCADE ON UPDATE NO ACTION;

--
-- Apribojimai lentelei `matchparts`
--
ALTER TABLE `matchparts`
  ADD CONSTRAINT `fk_matchparts_games` FOREIGN KEY (`game_id`) REFERENCES `games` (`id`) ON DELETE CASCADE ON UPDATE NO ACTION;

--
-- Apribojimai lentelei `memberships`
--
ALTER TABLE `memberships`
  ADD CONSTRAINT `members_fk` FOREIGN KEY (`team_id`) REFERENCES `teams` (`id`) ON DELETE CASCADE ON UPDATE NO ACTION,
  ADD CONSTRAINT `members_fk1` FOREIGN KEY (`user_id`) REFERENCES `users` (`id`) ON DELETE CASCADE;

--
-- Apribojimai lentelei `playofftables`
--
ALTER TABLE `playofftables`
  ADD CONSTRAINT `fk_playofftables_events` FOREIGN KEY (`events_id`) REFERENCES `events` (`id`) ON DELETE CASCADE ON UPDATE NO ACTION;

--
-- Apribojimai lentelei `pools`
--
ALTER TABLE `pools`
  ADD CONSTRAINT `fk_events_has_teams_events` FOREIGN KEY (`event_id`) REFERENCES `events` (`id`) ON DELETE NO ACTION ON UPDATE NO ACTION,
  ADD CONSTRAINT `fk_events_has_teams_teams` FOREIGN KEY (`team_id`) REFERENCES `teams` (`id`) ON DELETE NO ACTION ON UPDATE NO ACTION;

--
-- Apribojimai lentelei `posts`
--
ALTER TABLE `posts`
  ADD CONSTRAINT `posts_fk` FOREIGN KEY (`user_id`) REFERENCES `users` (`id`) ON DELETE CASCADE ON UPDATE NO ACTION,
  ADD CONSTRAINT `posts_fk1` FOREIGN KEY (`thread_id`) REFERENCES `threads` (`id`) ON DELETE CASCADE;

--
-- Apribojimai lentelei `resultdemos`
--
ALTER TABLE `resultdemos`
  ADD CONSTRAINT `fk_resultdemos_results` FOREIGN KEY (`result_id`) REFERENCES `results` (`id`) ON DELETE CASCADE ON UPDATE NO ACTION;

--
-- Apribojimai lentelei `resultpictures`
--
ALTER TABLE `resultpictures`
  ADD CONSTRAINT `fk_resultpictures_results` FOREIGN KEY (`result_id`) REFERENCES `results` (`id`) ON DELETE CASCADE ON UPDATE NO ACTION;

--
-- Apribojimai lentelei `results`
--
ALTER TABLE `results`
  ADD CONSTRAINT `fk_results_maps` FOREIGN KEY (`map_id`) REFERENCES `maps` (`id`) ON DELETE SET NULL ON UPDATE SET NULL,
  ADD CONSTRAINT `fk_results_matches` FOREIGN KEY (`match_id`) REFERENCES `matches` (`id`) ON DELETE CASCADE ON UPDATE NO ACTION,
  ADD CONSTRAINT `fk_results_matchparts` FOREIGN KEY (`matchpart_id`) REFERENCES `matchparts` (`id`) ON DELETE CASCADE ON UPDATE NO ACTION;

--
-- Apribojimai lentelei `servercomments`
--
ALTER TABLE `servercomments`
  ADD CONSTRAINT `servercomments_fk` FOREIGN KEY (`user_id`) REFERENCES `users` (`id`) ON DELETE NO ACTION ON UPDATE NO ACTION,
  ADD CONSTRAINT `servercomments_fk1` FOREIGN KEY (`server_id`) REFERENCES `servers` (`id`) ON DELETE CASCADE ON UPDATE NO ACTION;

--
-- Apribojimai lentelei `staffs`
--
ALTER TABLE `staffs`
  ADD CONSTRAINT `staff_fk` FOREIGN KEY (`org_id`) REFERENCES `orgs` (`id`) ON DELETE CASCADE ON UPDATE NO ACTION,
  ADD CONSTRAINT `staff_fk1` FOREIGN KEY (`user_id`) REFERENCES `users` (`id`) ON DELETE CASCADE;

--
-- Apribojimai lentelei `statistics`
--
ALTER TABLE `statistics`
  ADD CONSTRAINT `statistics_fk` FOREIGN KEY (`team_id`) REFERENCES `teams` (`id`) ON DELETE NO ACTION ON UPDATE NO ACTION;

--
-- Apribojimai lentelei `teamdetails`
--
ALTER TABLE `teamdetails`
  ADD CONSTRAINT `FK_teamdetails` FOREIGN KEY (`team_id`) REFERENCES `teams` (`id`);

--
-- Apribojimai lentelei `teamplayers`
--
ALTER TABLE `teamplayers`
  ADD CONSTRAINT `teamplayers_fk` FOREIGN KEY (`team_id`) REFERENCES `teams` (`id`) ON DELETE CASCADE ON UPDATE CASCADE,
  ADD CONSTRAINT `teamplayers_fk1` FOREIGN KEY (`team_id`) REFERENCES `teams` (`id`) ON DELETE CASCADE ON UPDATE NO ACTION;

--
-- Apribojimai lentelei `teams`
--
ALTER TABLE `teams`
  ADD CONSTRAINT `teams_fk` FOREIGN KEY (`game_id`) REFERENCES `games` (`id`);

--
-- Apribojimai lentelei `threadcats`
--
ALTER TABLE `threadcats`
  ADD CONSTRAINT `threadcats_fk` FOREIGN KEY (`game_id`) REFERENCES `games` (`id`),
  ADD CONSTRAINT `threadcats_fk1` FOREIGN KEY (`lang_id`) REFERENCES `langs` (`id`) ON DELETE NO ACTION ON UPDATE NO ACTION;

--
-- Apribojimai lentelei `threads`
--
ALTER TABLE `threads`
  ADD CONSTRAINT `threads_fk` FOREIGN KEY (`user_id`) REFERENCES `users` (`id`) ON DELETE CASCADE ON UPDATE NO ACTION,
  ADD CONSTRAINT `threads_fk1` FOREIGN KEY (`threadcat_id`) REFERENCES `threadcats` (`id`);

--
-- Apribojimai lentelei `uniqueids`
--
ALTER TABLE `uniqueids`
  ADD CONSTRAINT `uniqueids_fk` FOREIGN KEY (`user_id`) REFERENCES `users` (`id`) ON DELETE CASCADE ON UPDATE NO ACTION,
  ADD CONSTRAINT `uniqueids_fk1` FOREIGN KEY (`game_id`) REFERENCES `games` (`id`) ON DELETE CASCADE ON UPDATE NO ACTION;

--
-- Apribojimai lentelei `usercomments`
--
ALTER TABLE `usercomments`
  ADD CONSTRAINT `usercomments_fk` FOREIGN KEY (`user_id`) REFERENCES `users` (`id`) ON DELETE CASCADE ON UPDATE NO ACTION,
  ADD CONSTRAINT `usercomments_fk1` FOREIGN KEY (`guest_id`) REFERENCES `users` (`id`) ON DELETE NO ACTION ON UPDATE NO ACTION;
